table_name,column_name,data_type,is_nullable,ordinal_position
hub_accounting_doc,document_number,"decimal(38,0)",YES,1
hub_accounting_doc,fiscal_year,"decimal(38,0)",YES,2
hub_accounting_doc,accounting document_hk,varchar,YES,3
hub_accounting_doc,load_dts,timestamp(3),YES,4
hub_accounting_doc,record_source,varchar,YES,5
hub_accounting_doc,business_key,varchar,YES,6
hub_acct_doc_line,document_number,"decimal(38,0)",YES,1
hub_acct_doc_line,fiscal_year,"decimal(38,0)",YES,2
hub_acct_doc_line,line_item,"decimal(38,0)",YES,3
hub_acct_doc_line,accounting document line_hk,varchar,YES,4
hub_acct_doc_line,load_dts,timestamp(3),YES,5
hub_acct_doc_line,record_source,varchar,YES,6
hub_acct_doc_line,business_key,varchar,YES,7
hub_cleared_item,company_code,"decimal(38,0)",YES,1
hub_cleared_item,vendor_number,varchar,YES,2
hub_cleared_item,document_number,"decimal(38,0)",YES,3
hub_cleared_item,fiscal_year,"decimal(38,0)",YES,4
hub_cleared_item,cleared item_hk,varchar,YES,5
hub_cleared_item,load_dts,timestamp(3),YES,6
hub_cleared_item,record_source,varchar,YES,7
hub_cleared_item,business_key,varchar,YES,8
hub_company_code,company_code,"decimal(38,0)",YES,1
hub_company_code,company code_hk,varchar,YES,2
hub_company_code,load_dts,timestamp(3),YES,3
hub_company_code,record_source,varchar,YES,4
hub_company_code,business_key,varchar,YES,5
hub_invoice,document_number,"decimal(38,0)",YES,1
hub_invoice,fiscal_year,"decimal(38,0)",YES,2
hub_invoice,invoice_hk,varchar,YES,3
hub_invoice,load_dts,timestamp(3),YES,4
hub_invoice,record_source,varchar,YES,5
hub_invoice,business_key,varchar,YES,6
hub_invoice_line,document_number,"decimal(38,0)",YES,1
hub_invoice_line,fiscal_year,"decimal(38,0)",YES,2
hub_invoice_line,line_item,"decimal(38,0)",YES,3
hub_invoice_line,invoice line_hk,varchar,YES,4
hub_invoice_line,load_dts,timestamp(3),YES,5
hub_invoice_line,record_source,varchar,YES,6
hub_invoice_line,business_key,varchar,YES,7
hub_mat_doc_line,material_document_number,"decimal(38,0)",YES,1
hub_mat_doc_line,fiscal_year,"decimal(38,0)",YES,2
hub_mat_doc_line,line_item,"decimal(38,0)",YES,3
hub_mat_doc_line,material document line_hk,varchar,YES,4
hub_mat_doc_line,load_dts,timestamp(3),YES,5
hub_mat_doc_line,record_source,varchar,YES,6
hub_mat_doc_line,business_key,varchar,YES,7
hub_material_doc,material_document_number,"decimal(38,0)",YES,1
hub_material_doc,fiscal_year,"decimal(38,0)",YES,2
hub_material_doc,material document_hk,varchar,YES,3
hub_material_doc,load_dts,timestamp(3),YES,4
hub_material_doc,record_source,varchar,YES,5
hub_material_doc,business_key,varchar,YES,6
hub_payment_terms,payment_terms,varchar,YES,1
hub_payment_terms,payment terms_hk,varchar,YES,2
hub_payment_terms,load_dts,timestamp(3),YES,3
hub_payment_terms,record_source,varchar,YES,4
hub_payment_terms,business_key,varchar,YES,5
hub_plant,plant,varchar,YES,1
hub_plant,plant_hk,varchar,YES,2
hub_plant,load_dts,timestamp(3),YES,3
hub_plant,record_source,varchar,YES,4
hub_plant,business_key,varchar,YES,5
hub_po_line,purchase_order,"decimal(38,0)",YES,1
hub_po_line,purchase_order_item,"decimal(38,0)",YES,2
hub_po_line,purchase order line_hk,varchar,YES,3
hub_po_line,load_dts,timestamp(3),YES,4
hub_po_line,record_source,varchar,YES,5
hub_po_line,business_key,varchar,YES,6
hub_purchase_order,purchase_order,"decimal(38,0)",YES,1
hub_purchase_order,purchase order_hk,varchar,YES,2
hub_purchase_order,load_dts,timestamp(3),YES,3
hub_purchase_order,record_source,varchar,YES,4
hub_purchase_order,business_key,varchar,YES,5
hub_vendor,vendor_number,varchar,YES,1
hub_vendor,vendor_hk,varchar,YES,2
hub_vendor,load_dts,timestamp(3),YES,3
hub_vendor,record_source,varchar,YES,4
hub_vendor,business_key,varchar,YES,5
link_acct_doc_line_vendor,link_acct_doc_line_vendor_hk,varchar,YES,1
link_acct_doc_line_vendor,accounting document line_hk,varchar,YES,2
link_acct_doc_line_vendor,vendor_hk,varchar,YES,3
link_acct_doc_line_vendor,load_dts,timestamp(3),YES,4
link_acct_doc_line_vendor,record_source,varchar,YES,5
link_cleared_item_vendor,link_cleared_item_vendor_hk,varchar,YES,1
link_cleared_item_vendor,cleared item_hk,varchar,YES,2
link_cleared_item_vendor,vendor_hk,varchar,YES,3
link_cleared_item_vendor,load_dts,timestamp(3),YES,4
link_cleared_item_vendor,record_source,varchar,YES,5
link_invoice_line_po_line,link_invoice_line_po_line_hk,varchar,YES,1
link_invoice_line_po_line,invoice line_hk,varchar,YES,2
link_invoice_line_po_line,purchase order line_hk,varchar,YES,3
link_invoice_line_po_line,load_dts,timestamp(3),YES,4
link_invoice_line_po_line,record_source,varchar,YES,5
link_invoice_vendor,link_invoice_vendor_hk,varchar,YES,1
link_invoice_vendor,invoice_hk,varchar,YES,2
link_invoice_vendor,vendor_hk,varchar,YES,3
link_invoice_vendor,load_dts,timestamp(3),YES,4
link_invoice_vendor,record_source,varchar,YES,5
link_mat_doc_line_po_line,link_mat_doc_line_po_line_hk,varchar,YES,1
link_mat_doc_line_po_line,material document line_hk,varchar,YES,2
link_mat_doc_line_po_line,purchase order line_hk,varchar,YES,3
link_mat_doc_line_po_line,load_dts,timestamp(3),YES,4
link_mat_doc_line_po_line,record_source,varchar,YES,5
link_vendor_company_code,link_vendor_company_code_hk,varchar,YES,1
link_vendor_company_code,vendor_hk,varchar,YES,2
link_vendor_company_code,company code_hk,varchar,YES,3
link_vendor_company_code,load_dts,varchar,YES,4
link_vendor_company_code,record_source,varchar,YES,5
model_cache,hubs,"array(row(name varchar, business_key_columns array(varchar)))",YES,1
model_cache,links,"array(row(name varchar, hub_references array(varchar), columns array(varchar)))",YES,2
model_cache,satellites,"array(row(name varchar, hub_name varchar, hub_key_columns array(varchar), attributes array(varchar)))",YES,3
sat_accounting_doc_bkpf,accounting document_hk,varchar,YES,1
sat_accounting_doc_bkpf,client,"decimal(38,0)",YES,2
sat_accounting_doc_bkpf,company_code,"decimal(38,0)",YES,3
sat_accounting_doc_bkpf,document_type,varchar,YES,4
sat_accounting_doc_bkpf,document_date,"decimal(38,0)",YES,5
sat_accounting_doc_bkpf,posting_date,"decimal(38,0)",YES,6
sat_accounting_doc_bkpf,period,"decimal(38,0)",YES,7
sat_accounting_doc_bkpf,entry_date,"decimal(38,0)",YES,8
sat_accounting_doc_bkpf,entry_time,"decimal(38,0)",YES,9
sat_accounting_doc_bkpf,last_changed_date,"decimal(38,0)",YES,10
sat_accounting_doc_bkpf,update_date,"decimal(38,0)",YES,11
sat_accounting_doc_bkpf,weight_value,"decimal(38,0)",YES,12
sat_accounting_doc_bkpf,user_name,varchar,YES,13
sat_accounting_doc_bkpf,transaction_code,varchar,YES,14
sat_accounting_doc_bkpf,business_transaction,varchar,YES,15
sat_accounting_doc_bkpf,reference_number,varchar,YES,16
sat_accounting_doc_bkpf,database_logical_block_size,varchar,YES,17
sat_accounting_doc_bkpf,stock_blocking,"decimal(38,0)",YES,18
sat_accounting_doc_bkpf,starting_year,"decimal(38,0)",YES,19
sat_accounting_doc_bkpf,batch_text,varchar,YES,20
sat_accounting_doc_bkpf,currency,varchar,YES,21
sat_accounting_doc_bkpf,exchange_rate,"decimal(38,5)",YES,22
sat_accounting_doc_bkpf,condition_usage,varchar,YES,23
sat_accounting_doc_bkpf,condition_type,"decimal(38,0)",YES,24
sat_accounting_doc_bkpf,balance_status,varchar,YES,25
sat_accounting_doc_bkpf,external_network,varchar,YES,26
sat_accounting_doc_bkpf,delivery_date,"decimal(38,0)",YES,27
sat_accounting_doc_bkpf,cross_company_code,varchar,YES,28
sat_accounting_doc_bkpf,general_ledger_account,varchar,YES,29
sat_accounting_doc_bkpf,group_id,varchar,YES,30
sat_accounting_doc_bkpf,document_id,varchar,YES,31
sat_accounting_doc_bkpf,archive_id,varchar,YES,32
sat_accounting_doc_bkpf,invoice_base_amount,varchar,YES,33
sat_accounting_doc_bkpf,order_type,varchar,YES,34
sat_accounting_doc_bkpf,order_key,"decimal(38,0)",YES,35
sat_accounting_doc_bkpf,company_code_2,varchar,YES,36
sat_accounting_doc_bkpf,local_currency,varchar,YES,37
sat_accounting_doc_bkpf,transaction_currency,varchar,YES,38
sat_accounting_doc_bkpf,group_currency,varchar,YES,39
sat_accounting_doc_bkpf,exchange_rate_2,"decimal(38,5)",YES,40
sat_accounting_doc_bkpf,exchange_rate_3,"decimal(38,4)",YES,41
sat_accounting_doc_bkpf,base_wage_type_2,"decimal(38,0)",YES,42
sat_accounting_doc_bkpf,base_wage_type_3,"decimal(38,0)",YES,43
sat_accounting_doc_bkpf,unloading_point_destination,"decimal(38,0)",YES,44
sat_accounting_doc_bkpf,unplanned_depreciation,"decimal(38,0)",YES,45
sat_accounting_doc_bkpf,exchange_rate_type,varchar,YES,46
sat_accounting_doc_bkpf,storage_location,"decimal(38,0)",YES,47
sat_accounting_doc_bkpf,export_tax,varchar,YES,48
sat_accounting_doc_bkpf,customer_name_2,"decimal(38,0)",YES,49
sat_accounting_doc_bkpf,currency_key_3,"decimal(38,0)",YES,50
sat_accounting_doc_bkpf,customer_grouping,varchar,YES,51
sat_accounting_doc_bkpf,currency_type,varchar,YES,52
sat_accounting_doc_bkpf,exchange_rate_type_2,varchar,YES,53
sat_accounting_doc_bkpf,authorization_group,varchar,YES,54
sat_accounting_doc_bkpf,user_status,varchar,YES,55
sat_accounting_doc_bkpf,delivery_date_2,varchar,YES,56
sat_accounting_doc_bkpf,actual_work_system,varchar,YES,57
sat_accounting_doc_bkpf,transaction_currency_2,"decimal(38,0)",YES,58
sat_accounting_doc_bkpf,storage_location_control,varchar,YES,59
sat_accounting_doc_bkpf,withholding_tax_base_amount,varchar,YES,60
sat_accounting_doc_bkpf,storage_group,"decimal(38,0)",YES,61
sat_accounting_doc_bkpf,personnel_number,varchar,YES,62
sat_accounting_doc_bkpf,branch,"decimal(38,0)",YES,63
sat_accounting_doc_bkpf,number_of_pages,"decimal(38,0)",YES,64
sat_accounting_doc_bkpf,asset_posting_type,varchar,YES,65
sat_accounting_doc_bkpf,cross_reference_header,varchar,YES,66
sat_accounting_doc_bkpf,cross_reference_2_header,varchar,YES,67
sat_accounting_doc_bkpf,reversal_indicator,"decimal(38,0)",YES,68
sat_accounting_doc_bkpf,reinvestment_date,"decimal(38,0)",YES,69
sat_accounting_doc_bkpf,reference_document_number_alternative,varchar,YES,70
sat_accounting_doc_bkpf,value_added_tax_date,"decimal(38,0)",YES,71
sat_accounting_doc_bkpf,document_category,varchar,YES,72
sat_accounting_doc_bkpf,calendar_year,varchar,YES,73
sat_accounting_doc_bkpf,calendar_month,varchar,YES,74
sat_accounting_doc_bkpf,day_of_week,varchar,YES,75
sat_accounting_doc_bkpf,hash_diff,varchar,YES,76
sat_accounting_doc_bkpf,load_dts,timestamp(3),YES,77
sat_accounting_doc_bkpf,record_source,varchar,YES,78
sat_accounting_doc_bkpf,end_dts,varchar,YES,79
sat_acct_doc_line_bseg,accounting document line_hk,varchar,YES,1
sat_acct_doc_line_bseg,unique_identifier,varchar,YES,2
sat_acct_doc_line_bseg,heading_characteristic,varchar,YES,3
sat_acct_doc_line_bseg,client,"decimal(38,0)",YES,4
sat_acct_doc_line_bseg,company_code,"decimal(38,0)",YES,5
sat_acct_doc_line_bseg,business_partner_id,varchar,YES,6
sat_acct_doc_line_bseg,authorization_date,"decimal(38,0)",YES,7
sat_acct_doc_line_bseg,actual_cost_of_goods_produced,"decimal(38,0)",YES,8
sat_acct_doc_line_bseg,document_header_posting_line_item_number,varchar,YES,9
sat_acct_doc_line_bseg,balance_type,"decimal(38,0)",YES,10
sat_acct_doc_line_bseg,account_type,varchar,YES,11
sat_acct_doc_line_bseg,movement_type,varchar,YES,12
sat_acct_doc_line_bseg,unplanned_maintenance_stops,varchar,YES,13
sat_acct_doc_line_bseg,to_stock,varchar,YES,14
sat_acct_doc_line_bseg,debit_credit_indicator,varchar,YES,15
sat_acct_doc_line_bseg,business_area,varchar,YES,16
sat_acct_doc_line_bseg,parameter_group,varchar,YES,17
sat_acct_doc_line_bseg,tax_indicator,varchar,YES,18
sat_acct_doc_line_bseg,quality_score_status,varchar,YES,19
sat_acct_doc_line_bseg,document_amount,"decimal(38,2)",YES,20
sat_acct_doc_line_bseg,withholding_tax_base_amount,"decimal(38,2)",YES,21
sat_acct_doc_line_bseg,condition_type,"decimal(38,0)",YES,22
sat_acct_doc_line_bseg,posting_status_of_wbs_element,"decimal(38,2)",YES,23
sat_acct_doc_line_bseg,password_status,varchar,YES,24
sat_acct_doc_line_bseg,transaction_batch_header_work,"decimal(38,0)",YES,25
sat_acct_doc_line_bseg,transaction_flow_workitem,"decimal(38,0)",YES,26
sat_acct_doc_line_bseg,tax_amount,"decimal(38,2)",YES,27
sat_acct_doc_line_bseg,withholding_tax,"decimal(38,2)",YES,28
sat_acct_doc_line_bseg,hardware_base,"decimal(38,1)",YES,29
sat_acct_doc_line_bseg,fixed_base_amount,"decimal(38,1)",YES,30
sat_acct_doc_line_bseg,household_assignment,"decimal(38,0)",YES,31
sat_acct_doc_line_bseg,fwzuz,"decimal(38,0)",YES,32
sat_acct_doc_line_bseg,shift_zusatz,varchar,YES,33
sat_acct_doc_line_bseg,storage_location,varchar,YES,34
sat_acct_doc_line_bseg,moving_average_price,varchar,YES,35
sat_acct_doc_line_bseg,transaction_group,"decimal(38,0)",YES,36
sat_acct_doc_line_bseg,condition_type_2,varchar,YES,37
sat_acct_doc_line_bseg,quantity_in_stock_for_backorder,"decimal(38,2)",YES,38
sat_acct_doc_line_bseg,exchange_rate,"decimal(38,0)",YES,39
sat_acct_doc_line_bseg,gross_amount,"decimal(38,0)",YES,40
sat_acct_doc_line_bseg,billing_difference,"decimal(38,0)",YES,41
sat_acct_doc_line_bseg,value_date,"decimal(38,0)",YES,42
sat_acct_doc_line_bseg,order_number,varchar,YES,43
sat_acct_doc_line_bseg,short_text,varchar,YES,44
sat_acct_doc_line_bseg,zinc_content,varchar,YES,45
sat_acct_doc_line_bseg,trading_partner,"decimal(38,0)",YES,46
sat_acct_doc_line_bseg,storage_location_2,varchar,YES,47
sat_acct_doc_line_bseg,alternative_cost_center,varchar,YES,48
sat_acct_doc_line_bseg,vendor_number,varchar,YES,49
sat_acct_doc_line_bseg,functional_development_level,varchar,YES,50
sat_acct_doc_line_bseg,functional_area,varchar,YES,51
sat_acct_doc_line_bseg,fixed_asset_depreciation,"decimal(38,0)",YES,52
sat_acct_doc_line_bseg,fixed_asset_depreciation_term,"decimal(38,0)",YES,53
sat_acct_doc_line_bseg,fixed_asset_account,"decimal(38,0)",YES,54
sat_acct_doc_line_bseg,controlling_area,varchar,YES,55
sat_acct_doc_line_bseg,cost_center,varchar,YES,56
sat_acct_doc_line_bseg,project_network,varchar,YES,57
sat_acct_doc_line_bseg,order_number_2,varchar,YES,58
sat_acct_doc_line_bseg,sales_document,varchar,YES,59
sat_acct_doc_line_bseg,asset,varchar,YES,60
sat_acct_doc_line_bseg,asset_value_date,varchar,YES,61
sat_acct_doc_line_bseg,order_value,varchar,YES,62
sat_acct_doc_line_bseg,business_date,"decimal(38,0)",YES,63
sat_acct_doc_line_bseg,personnel_number,"decimal(38,0)",YES,64
sat_acct_doc_line_bseg,vendor_number_2,"decimal(38,0)",YES,65
sat_acct_doc_line_bseg,house_bank_account,"decimal(38,0)",YES,66
sat_acct_doc_line_bseg,customer_number,varchar,YES,67
sat_acct_doc_line_bseg,vendor_number_3,varchar,YES,68
sat_acct_doc_line_bseg,file_key,varchar,YES,69
sat_acct_doc_line_bseg,higher_level_item_number,"decimal(38,0)",YES,70
sat_acct_doc_line_bseg,document_date,"decimal(38,0)",YES,71
sat_acct_doc_line_bseg,payment_terms,varchar,YES,72
sat_acct_doc_line_bseg,delivery_blocking_reason,"decimal(38,0)",YES,73
sat_acct_doc_line_bseg,delivery_blocking_reason_2,"decimal(38,0)",YES,74
sat_acct_doc_line_bseg,delivery_blocking_reason_3,"decimal(38,0)",YES,75
sat_acct_doc_line_bseg,baseline_date_1,"decimal(38,0)",YES,76
sat_acct_doc_line_bseg,delivery_blocking_reason_4,"decimal(38,0)",YES,77
sat_acct_doc_line_bseg,settlement_document_item,"decimal(38,2)",YES,78
sat_acct_doc_line_bseg,condition_usage,"decimal(38,2)",YES,79
sat_acct_doc_line_bseg,withholding_tax_code,"decimal(38,2)",YES,80
sat_acct_doc_line_bseg,payment_method,varchar,YES,81
sat_acct_doc_line_bseg,language_key,varchar,YES,82
sat_acct_doc_line_bseg,fixed_assets,varchar,YES,83
sat_acct_doc_line_bseg,house_bank_account_id,varchar,YES,84
sat_acct_doc_line_bseg,billing_type,varchar,YES,85
sat_acct_doc_line_bseg,net_price,"decimal(38,2)",YES,86
sat_acct_doc_line_bseg,rebate_group,"decimal(38,0)",YES,87
sat_acct_doc_line_bseg,reversal_reas,"decimal(38,0)",YES,88
sat_acct_doc_line_bseg,rebate_base_amount,"decimal(38,0)",YES,89
sat_acct_doc_line_bseg,rebate_type,varchar,YES,90
sat_acct_doc_line_bseg,material_number,varchar,YES,91
sat_acct_doc_line_bseg,plant,varchar,YES,92
sat_acct_doc_line_bseg,quantity,"decimal(38,0)",YES,93
sat_acct_doc_line_bseg,my_stock,varchar,YES,94
sat_acct_doc_line_bseg,purchase_order,varchar,YES,95
sat_acct_doc_line_bseg,purchase_order_item,"decimal(38,0)",YES,96
sat_acct_doc_line_bseg,customer_number_2,"decimal(38,0)",YES,97
sat_acct_doc_line_bseg,profit_center,varchar,YES,98
sat_acct_doc_line_bseg,delivery_costs,"decimal(38,2)",YES,99
sat_acct_doc_line_bseg,moving_average_price_2,"decimal(38,2)",YES,100
sat_acct_doc_line_bseg,general_ledger_account,varchar,YES,101
sat_acct_doc_line_bseg,order_year,"decimal(38,0)",YES,102
sat_acct_doc_line_bseg,calendar_year,varchar,YES,103
sat_acct_doc_line_bseg,calendar_month,varchar,YES,104
sat_acct_doc_line_bseg,day_of_week,varchar,YES,105
sat_acct_doc_line_bseg,hash_diff,varchar,YES,106
sat_acct_doc_line_bseg,load_dts,timestamp(3),YES,107
sat_acct_doc_line_bseg,record_source,varchar,YES,108
sat_acct_doc_line_bseg,end_dts,varchar,YES,109
sat_cleared_item_bsak,cleared item_hk,varchar,YES,1
sat_cleared_item_bsak,client,"decimal(38,0)",YES,2
sat_cleared_item_bsak,unplanned_maintenance_stops,varchar,YES,3
sat_cleared_item_bsak,movement_type,varchar,YES,4
sat_cleared_item_bsak,authorization_date,"decimal(38,0)",YES,5
sat_cleared_item_bsak,document_header_posting_line_item_number,"decimal(38,0)",YES,6
sat_cleared_item_bsak,order_number,varchar,YES,7
sat_cleared_item_bsak,line_item,"decimal(38,0)",YES,8
sat_cleared_item_bsak,posting_date,"decimal(38,0)",YES,9
sat_cleared_item_bsak,document_date,"decimal(38,0)",YES,10
sat_cleared_item_bsak,entry_date,"decimal(38,0)",YES,11
sat_cleared_item_bsak,currency,varchar,YES,12
sat_cleared_item_bsak,reference_number,varchar,YES,13
sat_cleared_item_bsak,document_type,varchar,YES,14
sat_cleared_item_bsak,period,"decimal(38,0)",YES,15
sat_cleared_item_bsak,balance_type,"decimal(38,0)",YES,16
sat_cleared_item_bsak,to_stock,varchar,YES,17
sat_cleared_item_bsak,debit_credit_indicator,varchar,YES,18
sat_cleared_item_bsak,business_area,varchar,YES,19
sat_cleared_item_bsak,tax_indicator,varchar,YES,20
sat_cleared_item_bsak,document_amount,"decimal(38,2)",YES,21
sat_cleared_item_bsak,withholding_tax_base_amount,"decimal(38,2)",YES,22
sat_cleared_item_bsak,tax_amount,"decimal(38,0)",YES,23
sat_cleared_item_bsak,withholding_tax,"decimal(38,0)",YES,24
sat_cleared_item_bsak,billing_difference,"decimal(38,2)",YES,25
sat_cleared_item_bsak,short_text,varchar,YES,26
sat_cleared_item_bsak,purchase_order,varchar,YES,27
sat_cleared_item_bsak,purchase_order_item,"decimal(38,0)",YES,28
sat_cleared_item_bsak,vendor_number_2,"decimal(38,0)",YES,29
sat_cleared_item_bsak,house_bank_account,"decimal(38,0)",YES,30
sat_cleared_item_bsak,fixed_asset_account,"decimal(38,0)",YES,31
sat_cleared_item_bsak,document_date_2,"decimal(38,0)",YES,32
sat_cleared_item_bsak,payment_terms,varchar,YES,33
sat_cleared_item_bsak,delivery_blocking_reason,"decimal(38,0)",YES,34
sat_cleared_item_bsak,delivery_blocking_reason_2,"decimal(38,0)",YES,35
sat_cleared_item_bsak,delivery_blocking_reason_3,"decimal(38,0)",YES,36
sat_cleared_item_bsak,baseline_date_1,"decimal(38,0)",YES,37
sat_cleared_item_bsak,delivery_blocking_reason_4,"decimal(38,0)",YES,38
sat_cleared_item_bsak,settlement_document_item,"decimal(38,2)",YES,39
sat_cleared_item_bsak,condition_usage,"decimal(38,0)",YES,40
sat_cleared_item_bsak,withholding_tax_code,"decimal(38,0)",YES,41
sat_cleared_item_bsak,payment_method,varchar,YES,42
sat_cleared_item_bsak,language_key,varchar,YES,43
sat_cleared_item_bsak,fixed_assets,varchar,YES,44
sat_cleared_item_bsak,house_bank_account_id,varchar,YES,45
sat_cleared_item_bsak,billing_type,varchar,YES,46
sat_cleared_item_bsak,rebate_group,"decimal(38,0)",YES,47
sat_cleared_item_bsak,reversal_reas,"decimal(38,0)",YES,48
sat_cleared_item_bsak,rebate_base_amount,"decimal(38,0)",YES,49
sat_cleared_item_bsak,cost_center,varchar,YES,50
sat_cleared_item_bsak,profit_center,varchar,YES,51
sat_cleared_item_bsak,balance_status,varchar,YES,52
sat_cleared_item_bsak,trading_partner,"decimal(38,0)",YES,53
sat_cleared_item_bsak,order_year,"decimal(38,0)",YES,54
sat_cleared_item_bsak,calendar_year,varchar,YES,55
sat_cleared_item_bsak,calendar_month,varchar,YES,56
sat_cleared_item_bsak,day_of_week,varchar,YES,57
sat_cleared_item_bsak,hash_diff,varchar,YES,58
sat_cleared_item_bsak,load_dts,timestamp(3),YES,59
sat_cleared_item_bsak,record_source,varchar,YES,60
sat_cleared_item_bsak,end_dts,varchar,YES,61
sat_company_to01,company code_hk,varchar,YES,1
sat_company_to01,client,"decimal(38,0)",YES,2
sat_company_to01,business_partner_text,varchar,YES,3
sat_company_to01,city,varchar,YES,4
sat_company_to01,country_key,varchar,YES,5
sat_company_to01,currency,varchar,YES,6
sat_company_to01,language_key,varchar,YES,7
sat_company_to01,address_number,"decimal(38,0)",YES,8
sat_company_to01,storage_location,varchar,YES,9
sat_company_to01,condition_type,varchar,YES,10
sat_company_to01,period,varchar,YES,11
sat_company_to01,final_invoice_sent,varchar,YES,12
sat_company_to01,postal_code,varchar,YES,13
sat_company_to01,street,varchar,YES,14
sat_company_to01,region,varchar,YES,15
sat_company_to01,calendar_year,varchar,YES,16
sat_company_to01,calendar_month,varchar,YES,17
sat_company_to01,day_of_week,varchar,YES,18
sat_company_to01,hash_diff,varchar,YES,19
sat_company_to01,load_dts,timestamp(3),YES,20
sat_company_to01,record_source,varchar,YES,21
sat_company_to01,end_dts,varchar,YES,22
sat_invoice_line_rseg,invoice line_hk,varchar,YES,1
sat_invoice_line_rseg,client,"decimal(38,0)",YES,2
sat_invoice_line_rseg,purchase_order,"decimal(38,0)",YES,3
sat_invoice_line_rseg,purchase_order_item,"decimal(38,0)",YES,4
sat_invoice_line_rseg,customer_number,"decimal(38,0)",YES,5
sat_invoice_line_rseg,material_number,varchar,YES,6
sat_invoice_line_rseg,business_area,varchar,YES,7
sat_invoice_line_rseg,billing_type,varchar,YES,8
sat_invoice_line_rseg,company_code,"decimal(38,0)",YES,9
sat_invoice_line_rseg,plant,varchar,YES,10
sat_invoice_line_rseg,withholding_tax_base_amount,"decimal(38,2)",YES,11
sat_invoice_line_rseg,debit_credit_indicator,varchar,YES,12
sat_invoice_line_rseg,tax_indicator,varchar,YES,13
sat_invoice_line_rseg,transaction_longtext,"decimal(38,0)",YES,14
sat_invoice_line_rseg,quantity,"decimal(38,3)",YES,15
sat_invoice_line_rseg,business_transaction_type,varchar,YES,16
sat_invoice_line_rseg,billing_partner_number_of_group,"decimal(38,3)",YES,17
sat_invoice_line_rseg,billing_partner_role,varchar,YES,18
sat_invoice_line_rseg,local_currency_key,"decimal(38,3)",YES,19
sat_invoice_line_rseg,transaction_currency_key,"decimal(38,3)",YES,20
sat_invoice_line_rseg,my_stock,varchar,YES,21
sat_invoice_line_rseg,posting_type,"decimal(38,0)",YES,22
sat_invoice_line_rseg,customer_type,varchar,YES,23
sat_invoice_line_rseg,chart_of_accounts,"decimal(38,0)",YES,24
sat_invoice_line_rseg,order_priority,varchar,YES,25
sat_invoice_line_rseg,exchange_rate_type,varchar,YES,26
sat_invoice_line_rseg,exchange_rate_is_fixed,varchar,YES,27
sat_invoice_line_rseg,document_type,varchar,YES,28
sat_invoice_line_rseg,business_area_type,varchar,YES,29
sat_invoice_line_rseg,reference_number,varchar,YES,30
sat_invoice_line_rseg,cross_company_code,varchar,YES,31
sat_invoice_line_rseg,bank_country_key,"decimal(38,0)",YES,32
sat_invoice_line_rseg,condition_type,"decimal(38,2)",YES,33
sat_invoice_line_rseg,vendor_service_level_agreement,"decimal(38,2)",YES,34
sat_invoice_line_rseg,last_in_first_out,varchar,YES,35
sat_invoice_line_rseg,supplier_number,"decimal(38,0)",YES,36
sat_invoice_line_rseg,logical_information_group_year,"decimal(38,0)",YES,37
sat_invoice_line_rseg,line_item_position,"decimal(38,0)",YES,38
sat_invoice_line_rseg,material_buffer,varchar,YES,39
sat_invoice_line_rseg,remaining_amount,"decimal(38,0)",YES,40
sat_invoice_line_rseg,billing_partner_business_partner,"decimal(38,0)",YES,41
sat_invoice_line_rseg,reversal_reversal_document,"decimal(38,0)",YES,42
sat_invoice_line_rseg,delivery_block,varchar,YES,43
sat_invoice_line_rseg,short_text,varchar,YES,44
sat_invoice_line_rseg,credit_control_area,varchar,YES,45
sat_invoice_line_rseg,vendor_number,varchar,YES,46
sat_invoice_line_rseg,functional_area,varchar,YES,47
sat_invoice_line_rseg,calendar_year,varchar,YES,48
sat_invoice_line_rseg,calendar_month,varchar,YES,49
sat_invoice_line_rseg,day_of_week,varchar,YES,50
sat_invoice_line_rseg,hash_diff,varchar,YES,51
sat_invoice_line_rseg,load_dts,timestamp(3),YES,52
sat_invoice_line_rseg,record_source,varchar,YES,53
sat_invoice_line_rseg,end_dts,varchar,YES,54
sat_invoice_rbkp,invoice_hk,varchar,YES,1
sat_invoice_rbkp,client,"decimal(38,0)",YES,2
sat_invoice_rbkp,document_type,varchar,YES,3
sat_invoice_rbkp,document_date,"decimal(38,0)",YES,4
sat_invoice_rbkp,posting_date,"decimal(38,0)",YES,5
sat_invoice_rbkp,user_name,varchar,YES,6
sat_invoice_rbkp,transaction_code,varchar,YES,7
sat_invoice_rbkp,entry_date,"decimal(38,0)",YES,8
sat_invoice_rbkp,entry_time,"decimal(38,0)",YES,9
sat_invoice_rbkp,movement_type,varchar,YES,10
sat_invoice_rbkp,reference_number,varchar,YES,11
sat_invoice_rbkp,company_code,"decimal(38,0)",YES,12
sat_invoice_rbkp,vendor_number,varchar,YES,13
sat_invoice_rbkp,currency,varchar,YES,14
sat_invoice_rbkp,exchange_rate,"decimal(38,5)",YES,15
sat_invoice_rbkp,moving_average_price,"decimal(38,2)",YES,16
sat_invoice_rbkp,purchase_order_number,"decimal(38,0)",YES,17
sat_invoice_rbkp,withholding_tax_amount_1,"decimal(38,2)",YES,18
sat_invoice_rbkp,tax_classification_1,varchar,YES,19
sat_invoice_rbkp,withholding_tax_amount_2,"decimal(38,0)",YES,20
sat_invoice_rbkp,tax_indicator_2,varchar,YES,21
sat_invoice_rbkp,payment_terms,varchar,YES,22
sat_invoice_rbkp,delivery_blocking_reason,"decimal(38,0)",YES,23
sat_invoice_rbkp,baseline_date_1,"decimal(38,0)",YES,24
sat_invoice_rbkp,delivery_blocking_reason_2,"decimal(38,0)",YES,25
sat_invoice_rbkp,delivery_blocking_reason_3,"decimal(38,0)",YES,26
sat_invoice_rbkp,delivery_blocking_reason_4,"decimal(38,0)",YES,27
sat_invoice_rbkp,withholding_tax_code,"decimal(38,0)",YES,28
sat_invoice_rbkp,exchange_rate_type,varchar,YES,29
sat_invoice_rbkp,batch_text,varchar,YES,30
sat_invoice_rbkp,release_line,"decimal(38,0)",YES,31
sat_invoice_rbkp,logical_system,varchar,YES,32
sat_invoice_rbkp,export_tax,varchar,YES,33
sat_invoice_rbkp,stock_blocking,varchar,YES,34
sat_invoice_rbkp,starting_year,"decimal(38,0)",YES,35
sat_invoice_rbkp,investment_type,varchar,YES,36
sat_invoice_rbkp,department,varchar,YES,37
sat_invoice_rbkp,reconciliation_status,"decimal(38,0)",YES,38
sat_invoice_rbkp,document_date_2,"decimal(38,0)",YES,39
sat_invoice_rbkp,customer_number,varchar,YES,40
sat_invoice_rbkp,rebate_group,varchar,YES,41
sat_invoice_rbkp,reversal_reas,"decimal(38,0)",YES,42
sat_invoice_rbkp,inventory_value,varchar,YES,43
sat_invoice_rbkp,expected_profit,varchar,YES,44
sat_invoice_rbkp,secondary_cost_center,varchar,YES,45
sat_invoice_rbkp,company_name,varchar,YES,46
sat_invoice_rbkp,company_name_2,varchar,YES,47
sat_invoice_rbkp,company_name_3,varchar,YES,48
sat_invoice_rbkp,functional_area,varchar,YES,49
sat_invoice_rbkp,postal_code,varchar,YES,50
sat_invoice_rbkp,city,varchar,YES,51
sat_invoice_rbkp,country_key,varchar,YES,52
sat_invoice_rbkp,street,varchar,YES,53
sat_invoice_rbkp,tax_jurisdiction,varchar,YES,54
sat_invoice_rbkp,tax_jurisdiction_2,varchar,YES,55
sat_invoice_rbkp,region,varchar,YES,56
sat_invoice_rbkp,business_partner_planning_area,"decimal(38,0)",YES,57
sat_invoice_rbkp,business_area,varchar,YES,58
sat_invoice_rbkp,calendar_year,varchar,YES,59
sat_invoice_rbkp,calendar_month,varchar,YES,60
sat_invoice_rbkp,day_of_week,varchar,YES,61
sat_invoice_rbkp,hash_diff,varchar,YES,62
sat_invoice_rbkp,load_dts,timestamp(3),YES,63
sat_invoice_rbkp,record_source,varchar,YES,64
sat_invoice_rbkp,end_dts,varchar,YES,65
sat_invoice_status_log,invoice_hk,varchar,YES,1
sat_invoice_status_log,client,"decimal(38,0)",YES,2
sat_invoice_status_log,company_code,"decimal(38,0)",YES,3
sat_invoice_status_log,status,varchar,YES,4
sat_invoice_status_log,effective_date,"decimal(38,0)",YES,5
sat_invoice_status_log,sequence_number,"decimal(38,0)",YES,6
sat_invoice_status_log,longtext,varchar,YES,7
sat_invoice_status_log,calendar_year,varchar,YES,8
sat_invoice_status_log,calendar_month,varchar,YES,9
sat_invoice_status_log,day_of_week,varchar,YES,10
sat_invoice_status_log,hash_diff,varchar,YES,11
sat_invoice_status_log,load_dts,timestamp(3),YES,12
sat_invoice_status_log,record_source,varchar,YES,13
sat_invoice_status_log,end_dts,varchar,YES,14
sat_mat_doc_line_mseg,material document line_hk,varchar,YES,1
sat_mat_doc_line_mseg,client,"decimal(38,0)",YES,2
sat_mat_doc_line_mseg,line_identifier,"decimal(38,0)",YES,3
sat_mat_doc_line_mseg,parent_identifier,"decimal(38,0)",YES,4
sat_mat_doc_line_mseg,line_depth,"decimal(38,0)",YES,5
sat_mat_doc_line_mseg,movement_type,varchar,YES,6
sat_mat_doc_line_mseg,automatically_created,varchar,YES,7
sat_mat_doc_line_mseg,material_number,varchar,YES,8
sat_mat_doc_line_mseg,plant,varchar,YES,9
sat_mat_doc_line_mseg,storage_location,varchar,YES,10
sat_mat_doc_line_mseg,charge,"decimal(38,0)",YES,11
sat_mat_doc_line_mseg,inventory_stock_movement_key,varchar,YES,12
sat_mat_doc_line_mseg,allowance,varchar,YES,13
sat_mat_doc_line_mseg,delivery_status,varchar,YES,14
sat_mat_doc_line_mseg,special_stock_indicator,varchar,YES,15
sat_mat_doc_line_mseg,vendor_number,varchar,YES,16
sat_mat_doc_line_mseg,customer_number,varchar,YES,17
sat_mat_doc_line_mseg,sales_order,varchar,YES,18
sat_mat_doc_line_mseg,condition_usage,"decimal(38,0)",YES,19
sat_mat_doc_line_mseg,condition_usage_2,"decimal(38,0)",YES,20
sat_mat_doc_line_mseg,debit_credit_indicator,varchar,YES,21
sat_mat_doc_line_mseg,currency,varchar,YES,22
sat_mat_doc_line_mseg,document_amount,"decimal(38,2)",YES,23
sat_mat_doc_line_mseg,document_value,"decimal(38,2)",YES,24
sat_mat_doc_line_mseg,business_area_alternative,"decimal(38,2)",YES,25
sat_mat_doc_line_mseg,debit_credit_indicator_2,varchar,YES,26
sat_mat_doc_line_mseg,distribution_rebate_amount,"decimal(38,2)",YES,27
sat_mat_doc_line_mseg,billing_type,varchar,YES,28
sat_mat_doc_line_mseg,quantity,"decimal(38,3)",YES,29
sat_mat_doc_line_mseg,my_stock,varchar,YES,30
sat_mat_doc_line_mseg,confirmed_quantity,"decimal(38,3)",YES,31
sat_mat_doc_line_mseg,last_modified_by,varchar,YES,32
sat_mat_doc_line_mseg,billing_partner_number_of_group,"decimal(38,3)",YES,33
sat_mat_doc_line_mseg,billing_partner_role,varchar,YES,34
sat_mat_doc_line_mseg,purchase_order,"decimal(38,0)",YES,35
sat_mat_doc_line_mseg,purchase_order_item,"decimal(38,0)",YES,36
sat_mat_doc_line_mseg,ordering_period,"decimal(38,0)",YES,37
sat_mat_doc_line_mseg,supplier_number,"decimal(38,0)",YES,38
sat_mat_doc_line_mseg,line_item_position,"decimal(38,0)",YES,39
sat_mat_doc_line_mseg,fiscal_year_2,"decimal(38,0)",YES,40
sat_mat_doc_line_mseg,sequential_material_number,"decimal(38,0)",YES,41
sat_mat_doc_line_mseg,shift_worker_group,"decimal(38,0)",YES,42
sat_mat_doc_line_mseg,delivery_priority,varchar,YES,43
sat_mat_doc_line_mseg,short_text,varchar,YES,44
sat_mat_doc_line_mseg,equipment_number,varchar,YES,45
sat_mat_doc_line_mseg,receiving_company,varchar,YES,46
sat_mat_doc_line_mseg,unloading_point,"decimal(38,0)",YES,47
sat_mat_doc_line_mseg,business_area,varchar,YES,48
sat_mat_doc_line_mseg,controlling_area,varchar,YES,49
sat_mat_doc_line_mseg,parameter_group,varchar,YES,50
sat_mat_doc_line_mseg,partner_business,varchar,YES,51
sat_mat_doc_line_mseg,cost_center,"decimal(38,0)",YES,52
sat_mat_doc_line_mseg,project_network,varchar,YES,53
sat_mat_doc_line_mseg,order_number,"decimal(38,0)",YES,54
sat_mat_doc_line_mseg,asset,varchar,YES,55
sat_mat_doc_line_mseg,asset_value_date,varchar,YES,56
sat_mat_doc_line_mseg,fiscal_year_3,"decimal(38,0)",YES,57
sat_mat_doc_line_mseg,company_code,"decimal(38,0)",YES,58
sat_mat_doc_line_mseg,document_number,varchar,YES,59
sat_mat_doc_line_mseg,line_item_2,"decimal(38,0)",YES,60
sat_mat_doc_line_mseg,belum,varchar,YES,61
sat_mat_doc_line_mseg,business_unit_of_measurement,"decimal(38,0)",YES,62
sat_mat_doc_line_mseg,requirement_segment_number,"decimal(38,0)",YES,63
sat_mat_doc_line_mseg,requirement_segment_position,"decimal(38,0)",YES,64
sat_mat_doc_line_mseg,early_warning_indicator,varchar,YES,65
sat_mat_doc_line_mseg,planned_total_quantity,"decimal(38,0)",YES,66
sat_mat_doc_line_mseg,unit_of_measure,varchar,YES,67
sat_mat_doc_line_mseg,plant_2,varchar,YES,68
sat_mat_doc_line_mseg,unloading_point_of_goods,varchar,YES,69
sat_mat_doc_line_mseg,movement_type_2,varchar,YES,70
sat_mat_doc_line_mseg,billing_block,varchar,YES,71
sat_mat_doc_line_mseg,delivery_block,varchar,YES,72
sat_mat_doc_line_mseg,unloading_point_2,varchar,YES,73
sat_mat_doc_line_mseg,profit_center,varchar,YES,74
sat_mat_doc_line_mseg,personnel_cost_rate,varchar,YES,75
sat_mat_doc_line_mseg,calendar_year,varchar,YES,76
sat_mat_doc_line_mseg,calendar_month,varchar,YES,77
sat_mat_doc_line_mseg,day_of_week,varchar,YES,78
sat_mat_doc_line_mseg,hash_diff,varchar,YES,79
sat_mat_doc_line_mseg,load_dts,timestamp(3),YES,80
sat_mat_doc_line_mseg,record_source,varchar,YES,81
sat_mat_doc_line_mseg,end_dts,varchar,YES,82
sat_material_doc_mkpf,material document_hk,varchar,YES,1
sat_material_doc_mkpf,client,"decimal(38,0)",YES,2
sat_material_doc_mkpf,movement_type,varchar,YES,3
sat_material_doc_mkpf,document_type,varchar,YES,4
sat_material_doc_mkpf,blaum,varchar,YES,5
sat_material_doc_mkpf,document_date,"decimal(38,0)",YES,6
sat_material_doc_mkpf,posting_date,"decimal(38,0)",YES,7
sat_material_doc_mkpf,entry_date,"decimal(38,0)",YES,8
sat_material_doc_mkpf,entry_time,"decimal(38,0)",YES,9
sat_material_doc_mkpf,last_changed_date,"decimal(38,0)",YES,10
sat_material_doc_mkpf,user_name,varchar,YES,11
sat_material_doc_mkpf,transaction_code,varchar,YES,12
sat_material_doc_mkpf,reference_number,varchar,YES,13
sat_material_doc_mkpf,batch_text,varchar,YES,14
sat_material_doc_mkpf,delivery_date,"decimal(38,0)",YES,15
sat_material_doc_mkpf,functional_area,varchar,YES,16
sat_material_doc_mkpf,withholding_tax_type,"decimal(38,0)",YES,17
sat_material_doc_mkpf,document_number,"decimal(38,0)",YES,18
sat_material_doc_mkpf,actual_work_system,varchar,YES,19
sat_material_doc_mkpf,transaction_code_2,varchar,YES,20
sat_material_doc_mkpf,delivery_number,"decimal(38,0)",YES,21
sat_material_doc_mkpf,calendar_year,varchar,YES,22
sat_material_doc_mkpf,calendar_month,varchar,YES,23
sat_material_doc_mkpf,day_of_week,varchar,YES,24
sat_material_doc_mkpf,hash_diff,varchar,YES,25
sat_material_doc_mkpf,load_dts,timestamp(3),YES,26
sat_material_doc_mkpf,record_source,varchar,YES,27
sat_material_doc_mkpf,end_dts,varchar,YES,28
sat_payment_terms_to52,payment terms_hk,varchar,YES,1
sat_payment_terms_to52,client,"decimal(38,0)",YES,2
sat_payment_terms_to52,time_zone,"decimal(38,0)",YES,3
sat_payment_terms_to52,delivery_type,varchar,YES,4
sat_payment_terms_to52,final_invoice,"decimal(38,0)",YES,5
sat_payment_terms_to52,monthly_accrual,"decimal(38,0)",YES,6
sat_payment_terms_to52,day_of_week_1,"decimal(38,0)",YES,7
sat_payment_terms_to52,purchasing_document_item,"decimal(38,3)",YES,8
sat_payment_terms_to52,secondary_tag,"decimal(38,0)",YES,9
sat_payment_terms_to52,purchasing_document_item_category,"decimal(38,3)",YES,10
sat_payment_terms_to52,third_workday,"decimal(38,0)",YES,11
sat_payment_terms_to52,storage_location,"decimal(38,0)",YES,12
sat_payment_terms_to52,special_stock_number_1,"decimal(38,0)",YES,13
sat_payment_terms_to52,storage_type_2,"decimal(38,0)",YES,14
sat_payment_terms_to52,secondary_material_number_2,"decimal(38,0)",YES,15
sat_payment_terms_to52,storage_location_2,"decimal(38,0)",YES,16
sat_payment_terms_to52,special_stock_number_3,"decimal(38,0)",YES,17
sat_payment_terms_to52,reversal_indicator,varchar,YES,18
sat_payment_terms_to52,shift_factor,varchar,YES,19
sat_payment_terms_to52,exchange_rate_type,varchar,YES,20
sat_payment_terms_to52,transaction_type,varchar,YES,21
sat_payment_terms_to52,payment_method,varchar,YES,22
sat_payment_terms_to52,exchange_rate_type_2,varchar,YES,23
sat_payment_terms_to52,account_type,varchar,YES,24
sat_payment_terms_to52,splitting_relevance,varchar,YES,25
sat_payment_terms_to52,extended_short_cut_reference_character,varchar,YES,26
sat_payment_terms_to52,qlik_ingestion_timestamp,timestamp(3),YES,27
sat_payment_terms_to52,calendar_year,varchar,YES,28
sat_payment_terms_to52,calendar_month,varchar,YES,29
sat_payment_terms_to52,day_of_week,varchar,YES,30
sat_payment_terms_to52,hash_diff,varchar,YES,31
sat_payment_terms_to52,load_dts,timestamp(3),YES,32
sat_payment_terms_to52,record_source,varchar,YES,33
sat_payment_terms_to52,end_dts,varchar,YES,34
sat_plant_too1w,plant_hk,varchar,YES,1
sat_plant_too1w,client,"decimal(38,0)",YES,2
sat_plant_too1w,company_name,varchar,YES,3
sat_plant_too1w,company_name_2,varchar,YES,4
sat_plant_too1w,company_code,"decimal(38,0)",YES,5
sat_plant_too1w,country_key,varchar,YES,6
sat_plant_too1w,region,varchar,YES,7
sat_plant_too1w,city,varchar,YES,8
sat_plant_too1w,postal_code,varchar,YES,9
sat_plant_too1w,street,varchar,YES,10
sat_plant_too1w,factory_calendar_key,varchar,YES,11
sat_plant_too1w,transaction_longtext,varchar,YES,12
sat_plant_too1w,planned_delivery_date,varchar,YES,13
sat_plant_too1w,storage_location,varchar,YES,14
sat_plant_too1w,calendar_year,varchar,YES,15
sat_plant_too1w,calendar_month,varchar,YES,16
sat_plant_too1w,day_of_week,varchar,YES,17
sat_plant_too1w,hash_diff,varchar,YES,18
sat_plant_too1w,load_dts,timestamp(3),YES,19
sat_plant_too1w,record_source,varchar,YES,20
sat_plant_too1w,end_dts,varchar,YES,21
sat_po_header_ekko,purchase order_hk,varchar,YES,1
sat_po_header_ekko,client,"decimal(38,0)",YES,2
sat_po_header_ekko,company_code,"decimal(38,0)",YES,3
sat_po_header_ekko,document_type,varchar,YES,4
sat_po_header_ekko,movement_type,varchar,YES,5
sat_po_header_ekko,deletion_indicator,varchar,YES,6
sat_po_header_ekko,status,varchar,YES,7
sat_po_header_ekko,last_changed_date,"decimal(38,0)",YES,8
sat_po_header_ekko,created_by,varchar,YES,9
sat_po_header_ekko,vendor_number,varchar,YES,10
sat_po_header_ekko,payment_terms,varchar,YES,11
sat_po_header_ekko,delivery_blocking_reason,"decimal(38,0)",YES,12
sat_po_header_ekko,baseline_date_1,"decimal(38,0)",YES,13
sat_po_header_ekko,purchasing_organization,varchar,YES,14
sat_po_header_ekko,purchasing_group,varchar,YES,15
sat_po_header_ekko,currency,varchar,YES,16
sat_po_header_ekko,document_date,"decimal(38,0)",YES,17
sat_po_header_ekko,document_date_2,"decimal(38,0)",YES,18
sat_po_header_ekko,creation_date,"decimal(38,0)",YES,19
sat_po_header_ekko,document_date_3,"decimal(38,0)",YES,20
sat_po_header_ekko,goods_movement_date,"decimal(38,0)",YES,21
sat_po_header_ekko,inventory_management_area,"decimal(38,0)",YES,22
sat_po_header_ekko,customer_number,varchar,YES,23
sat_po_header_ekko,delivery,varchar,YES,24
sat_po_header_ekko,resource_work,varchar,YES,25
sat_po_header_ekko,fixed_asset_key,varchar,YES,26
sat_po_header_ekko,freeze_quantity,varchar,YES,27
sat_po_header_ekko,process_status,varchar,YES,28
sat_po_header_ekko,calendar_year,varchar,YES,29
sat_po_header_ekko,calendar_month,varchar,YES,30
sat_po_header_ekko,day_of_week,varchar,YES,31
sat_po_header_ekko,hash_diff,varchar,YES,32
sat_po_header_ekko,load_dts,timestamp(3),YES,33
sat_po_header_ekko,record_source,varchar,YES,34
sat_po_header_ekko,end_dts,varchar,YES,35
sat_po_line_ekpo,purchase order line_hk,varchar,YES,1
sat_po_line_ekpo,client,"decimal(38,0)",YES,2
sat_po_line_ekpo,deletion_indicator,varchar,YES,3
sat_po_line_ekpo,status,varchar,YES,4
sat_po_line_ekpo,last_changed_date,"decimal(38,0)",YES,5
sat_po_line_ekpo,short_text,varchar,YES,6
sat_po_line_ekpo,material_number,varchar,YES,7
sat_po_line_ekpo,material_number_2,varchar,YES,8
sat_po_line_ekpo,company_code,"decimal(38,0)",YES,9
sat_po_line_ekpo,plant,varchar,YES,10
sat_po_line_ekpo,storage_location,varchar,YES,11
sat_po_line_ekpo,bed_number,varchar,YES,12
sat_po_line_ekpo,material_group,varchar,YES,13
sat_po_line_ekpo,invoice_number,"decimal(38,0)",YES,14
sat_po_line_ekpo,identification_number_of_logical_file,varchar,YES,15
sat_po_line_ekpo,contract_quantity,"decimal(38,1)",YES,16
sat_po_line_ekpo,quantity,"decimal(38,2)",YES,17
sat_po_line_ekpo,my_stock,varchar,YES,18
sat_po_line_ekpo,billing_partner_role,varchar,YES,19
sat_po_line_ekpo,business_partner_update_marker,"decimal(38,0)",YES,20
sat_po_line_ekpo,business_partner_unload_number,"decimal(38,0)",YES,21
sat_po_line_ekpo,unconditional_reversal,"decimal(38,0)",YES,22
sat_po_line_ekpo,overhead_costs,"decimal(38,0)",YES,23
sat_po_line_ekpo,net_price,"decimal(38,2)",YES,24
sat_po_line_ekpo,personnel_number,"decimal(38,0)",YES,25
sat_po_line_ekpo,network,"decimal(38,2)",YES,26
sat_po_line_ekpo,gross_weight,"decimal(38,2)",YES,27
sat_po_line_ekpo,agreement_date,"decimal(38,0)",YES,28
sat_po_line_ekpo,web_analysis,"decimal(38,0)",YES,29
sat_po_line_ekpo,tax_indicator,varchar,YES,30
sat_po_line_ekpo,bonus_payment,varchar,YES,31
sat_po_line_ekpo,inventory_stock_movement_key,varchar,YES,32
sat_po_line_ekpo,special_stock_indicator,varchar,YES,33
sat_po_line_ekpo,personnel_development_requirement,varchar,YES,34
sat_po_line_ekpo,scheduling_priority,varchar,YES,35
sat_po_line_ekpo,dunning_level,"decimal(38,0)",YES,36
sat_po_line_ekpo,unplanned_depreciation,"decimal(38,0)",YES,37
sat_po_line_ekpo,unplanned_depreciation_2,varchar,YES,38
sat_po_line_ekpo,unloading_point_of_title_transfer,"decimal(38,0)",YES,39
sat_po_line_ekpo,billing_type,varchar,YES,40
sat_po_line_ekpo,valuation_type,varchar,YES,41
sat_po_line_ekpo,absence_type,varchar,YES,42
sat_po_line_ekpo,delivery_priority,varchar,YES,43
sat_po_line_ekpo,order_priority,varchar,YES,44
sat_po_line_ekpo,posting_type,"decimal(38,0)",YES,45
sat_po_line_ekpo,customer_type,varchar,YES,46
sat_po_line_ekpo,billing_block,varchar,YES,47
sat_po_line_ekpo,sales_document_type,varchar,YES,48
sat_po_line_ekpo,plant_type,varchar,YES,49
sat_po_line_ekpo,storage_location_2,varchar,YES,50
sat_po_line_ekpo,unloading_point,varchar,YES,51
sat_po_line_ekpo,storage_bin,varchar,YES,52
sat_po_line_ekpo,web_reference,varchar,YES,53
sat_po_line_ekpo,deletion_indicator_2,varchar,YES,54
sat_po_line_ekpo,laboratory_number,double,YES,55
sat_po_line_ekpo,contract_number,varchar,YES,56
sat_po_line_ekpo,customer_number,"decimal(38,0)",YES,57
sat_po_line_ekpo,delivery_quantity,varchar,YES,58
sat_po_line_ekpo,planned_delivery_date,"decimal(38,0)",YES,59
sat_po_line_ekpo,document_type,varchar,YES,60
sat_po_line_ekpo,effective_work,"decimal(38,2)",YES,61
sat_po_line_ekpo,order_blocking_reason,varchar,YES,62
sat_po_line_ekpo,customer_number_2,varchar,YES,63
sat_po_line_ekpo,staffing,varchar,YES,64
sat_po_line_ekpo,postal_code,"decimal(38,0)",YES,65
sat_po_line_ekpo,net_weight,"decimal(38,3)",YES,66
sat_po_line_ekpo,weight,varchar,YES,67
sat_po_line_ekpo,transaction_longtext,varchar,YES,68
sat_po_line_ekpo,calendar_year,varchar,YES,69
sat_po_line_ekpo,calendar_month,varchar,YES,70
sat_po_line_ekpo,day_of_week,varchar,YES,71
sat_po_line_ekpo,hash_diff,varchar,YES,72
sat_po_line_ekpo,load_dts,timestamp(3),YES,73
sat_po_line_ekpo,record_source,varchar,YES,74
sat_po_line_ekpo,end_dts,varchar,YES,75
sat_po_schedule_eket,purchase order line_hk,varchar,YES,1
sat_po_schedule_eket,client,"decimal(38,0)",YES,2
sat_po_schedule_eket,employee_number,"decimal(38,0)",YES,3
sat_po_schedule_eket,end_date,"decimal(38,0)",YES,4
sat_po_schedule_eket,settlement_date,"decimal(38,0)",YES,5
sat_po_schedule_eket,last_purchase_entry_in,"decimal(38,0)",YES,6
sat_po_schedule_eket,quantity,"decimal(38,2)",YES,7
sat_po_schedule_eket,available_quantity,"decimal(38,0)",YES,8
sat_po_schedule_eket,withdrawal_quantity,"decimal(38,2)",YES,9
sat_po_schedule_eket,withdrawal_amount,"decimal(38,0)",YES,10
sat_po_schedule_eket,update_time,"decimal(38,0)",YES,11
sat_po_schedule_eket,purchase_order_number,"decimal(38,0)",YES,12
sat_po_schedule_eket,purchasing_document_item,"decimal(38,0)",YES,13
sat_po_schedule_eket,establishment_status,varchar,YES,14
sat_po_schedule_eket,quantity_unit,"decimal(38,0)",YES,15
sat_po_schedule_eket,quantity_posted,"decimal(38,0)",YES,16
sat_po_schedule_eket,dunning_level,"decimal(38,0)",YES,17
sat_po_schedule_eket,document_date,"decimal(38,0)",YES,18
sat_po_schedule_eket,requirement_segment_number,"decimal(38,0)",YES,19
sat_po_schedule_eket,serial_number,varchar,YES,20
sat_po_schedule_eket,fixed_asset_indicator,varchar,YES,21
sat_po_schedule_eket,gross_weight,"decimal(38,0)",YES,22
sat_po_schedule_eket,delivery_quantity,"decimal(38,0)",YES,23
sat_po_schedule_eket,charge,varchar,YES,24
sat_po_schedule_eket,license_authorization,varchar,YES,25
sat_po_schedule_eket,charging_company_code,varchar,YES,26
sat_po_schedule_eket,date_of_birth,"decimal(38,0)",YES,27
sat_po_schedule_eket,handover_date,"decimal(38,0)",YES,28
sat_po_schedule_eket,calendar_year,varchar,YES,29
sat_po_schedule_eket,calendar_month,varchar,YES,30
sat_po_schedule_eket,day_of_week,varchar,YES,31
sat_po_schedule_eket,hash_diff,varchar,YES,32
sat_po_schedule_eket,load_dts,timestamp(3),YES,33
sat_po_schedule_eket,record_source,varchar,YES,34
sat_po_schedule_eket,end_dts,varchar,YES,35
sat_region_to05u,company code_hk,varchar,YES,1
sat_region_to05u,hash_diff,varchar,YES,2
sat_region_to05u,load_dts,varchar,YES,3
sat_region_to05u,record_source,varchar,YES,4
sat_region_to05u,end_dts,varchar,YES,5
sat_vendor_bkp_lfa1,vendor_hk,varchar,YES,1
sat_vendor_bkp_lfa1,client,"decimal(38,0)",YES,2
sat_vendor_bkp_lfa1,country_key,varchar,YES,3
sat_vendor_bkp_lfa1,company_name,varchar,YES,4
sat_vendor_bkp_lfa1,company_name_2,varchar,YES,5
sat_vendor_bkp_lfa1,company_name_3,varchar,YES,6
sat_vendor_bkp_lfa1,functional_area,varchar,YES,7
sat_vendor_bkp_lfa1,city,varchar,YES,8
sat_vendor_bkp_lfa1,region,varchar,YES,9
sat_vendor_bkp_lfa1,functional_area_2,varchar,YES,10
sat_vendor_bkp_lfa1,postal_code_2,varchar,YES,11
sat_vendor_bkp_lfa1,postal_code,varchar,YES,12
sat_vendor_bkp_lfa1,region_2,varchar,YES,13
sat_vendor_bkp_lfa1,sorting_level,varchar,YES,14
sat_vendor_bkp_lfa1,street,varchar,YES,15
sat_vendor_bkp_lfa1,address_number,"decimal(38,0)",YES,16
sat_vendor_bkp_lfa1,moving_average_price,varchar,YES,17
sat_vendor_bkp_lfa1,material_group_2,varchar,YES,18
sat_vendor_bkp_lfa1,moving_average_price_2,varchar,YES,19
sat_vendor_bkp_lfa1,title,varchar,YES,20
sat_vendor_bkp_lfa1,railways,varchar,YES,21
sat_vendor_bkp_lfa1,billing_document_number,"decimal(38,0)",YES,22
sat_vendor_bkp_lfa1,billing_block_status,"decimal(38,0)",YES,23
sat_vendor_bkp_lfa1,reason_for_block,varchar,YES,24
sat_vendor_bkp_lfa1,business_area,varchar,YES,25
sat_vendor_bkp_lfa1,posting_key,"decimal(38,0)",YES,26
sat_vendor_bkp_lfa1,delivery_date,varchar,YES,27
sat_vendor_bkp_lfa1,date_of_last_maintenance,varchar,YES,28
sat_vendor_bkp_lfa1,delivery_to alternateshippingpoint,varchar,YES,29
sat_vendor_bkp_lfa1,creation_date,"decimal(38,0)",YES,30
sat_vendor_bkp_lfa1,created_by,varchar,YES,31
sat_vendor_bkp_lfa1,employee_number,varchar,YES,32
sat_vendor_bkp_lfa1,condition_status,varchar,YES,33
sat_vendor_bkp_lfa1,account_type,varchar,YES,34
sat_vendor_bkp_lfa1,customer_number,"decimal(38,0)",YES,35
sat_vendor_bkp_lfa1,line_item_number_assignment,varchar,YES,36
sat_vendor_bkp_lfa1,low_value_month,varchar,YES,37
sat_vendor_bkp_lfa1,locked,varchar,YES,38
sat_vendor_bkp_lfa1,semen,varchar,YES,39
sat_vendor_bkp_lfa1,language_key,varchar,YES,40
sat_vendor_bkp_lfa1,tax_jurisdiction,varchar,YES,41
sat_vendor_bkp_lfa1,tax_jurisdiction_2,varchar,YES,42
sat_vendor_bkp_lfa1,storage_location,varchar,YES,43
sat_vendor_bkp_lfa1,stock_type,varchar,YES,44
sat_vendor_bkp_lfa1,telephone_extension,varchar,YES,45
sat_vendor_bkp_lfa1,telephone_number_1,varchar,YES,46
sat_vendor_bkp_lfa1,telephone_number_2,varchar,YES,47
sat_vendor_bkp_lfa1,telefax_number,varchar,YES,48
sat_vendor_bkp_lfa1,telephone_extension_2,varchar,YES,49
sat_vendor_bkp_lfa1,telephone_number_1_2,varchar,YES,50
sat_vendor_bkp_lfa1,cross_company_po_distribution_key,varchar,YES,51
sat_vendor_bkp_lfa1,exemption_indicator,varchar,YES,52
sat_vendor_bkp_lfa1,trading_partner,"decimal(38,0)",YES,53
sat_vendor_bkp_lfa1,fiscal_year,varchar,YES,54
sat_vendor_bkp_lfa1,storage_location_2,varchar,YES,55
sat_vendor_bkp_lfa1,storage_location_3,varchar,YES,56
sat_vendor_bkp_lfa1,last_updated,"decimal(38,0)",YES,57
sat_vendor_bkp_lfa1,up_time,"decimal(38,0)",YES,58
sat_vendor_bkp_lfa1,calendar_year,varchar,YES,59
sat_vendor_bkp_lfa1,calendar_month,varchar,YES,60
sat_vendor_bkp_lfa1,day_of_week,varchar,YES,61
sat_vendor_bkp_lfa1,hash_diff,varchar,YES,62
sat_vendor_bkp_lfa1,load_dts,timestamp(3),YES,63
sat_vendor_bkp_lfa1,record_source,varchar,YES,64
sat_vendor_bkp_lfa1,end_dts,varchar,YES,65
sat_vendor_lfa1,vendor_hk,varchar,YES,1
sat_vendor_lfa1,client,"decimal(38,0)",YES,2
sat_vendor_lfa1,country_key,varchar,YES,3
sat_vendor_lfa1,company_name,varchar,YES,4
sat_vendor_lfa1,company_name_2,varchar,YES,5
sat_vendor_lfa1,company_name_3,varchar,YES,6
sat_vendor_lfa1,functional_area,varchar,YES,7
sat_vendor_lfa1,city,varchar,YES,8
sat_vendor_lfa1,region,varchar,YES,9
sat_vendor_lfa1,functional_area_2,varchar,YES,10
sat_vendor_lfa1,postal_code_2,varchar,YES,11
sat_vendor_lfa1,postal_code,varchar,YES,12
sat_vendor_lfa1,region_2,varchar,YES,13
sat_vendor_lfa1,sorting_level,varchar,YES,14
sat_vendor_lfa1,street,varchar,YES,15
sat_vendor_lfa1,address_number,"decimal(38,0)",YES,16
sat_vendor_lfa1,moving_average_price,varchar,YES,17
sat_vendor_lfa1,material_group_2,varchar,YES,18
sat_vendor_lfa1,moving_average_price_2,varchar,YES,19
sat_vendor_lfa1,title,varchar,YES,20
sat_vendor_lfa1,railways,varchar,YES,21
sat_vendor_lfa1,billing_document_number,"decimal(38,0)",YES,22
sat_vendor_lfa1,billing_block_status,"decimal(38,0)",YES,23
sat_vendor_lfa1,reason_for_block,varchar,YES,24
sat_vendor_lfa1,business_area,varchar,YES,25
sat_vendor_lfa1,posting_key,"decimal(38,0)",YES,26
sat_vendor_lfa1,delivery_date,varchar,YES,27
sat_vendor_lfa1,date_of_last_maintenance,varchar,YES,28
sat_vendor_lfa1,delivery_to alternateshippingpoint,varchar,YES,29
sat_vendor_lfa1,creation_date,"decimal(38,0)",YES,30
sat_vendor_lfa1,created_by,varchar,YES,31
sat_vendor_lfa1,employee_number,varchar,YES,32
sat_vendor_lfa1,condition_status,varchar,YES,33
sat_vendor_lfa1,account_type,varchar,YES,34
sat_vendor_lfa1,customer_number,"decimal(38,0)",YES,35
sat_vendor_lfa1,line_item_number_assignment,varchar,YES,36
sat_vendor_lfa1,low_value_month,varchar,YES,37
sat_vendor_lfa1,locked,varchar,YES,38
sat_vendor_lfa1,semen,varchar,YES,39
sat_vendor_lfa1,language_key,varchar,YES,40
sat_vendor_lfa1,tax_jurisdiction,varchar,YES,41
sat_vendor_lfa1,tax_jurisdiction_2,varchar,YES,42
sat_vendor_lfa1,storage_location,varchar,YES,43
sat_vendor_lfa1,stock_type,varchar,YES,44
sat_vendor_lfa1,telephone_extension,varchar,YES,45
sat_vendor_lfa1,telephone_number_1,varchar,YES,46
sat_vendor_lfa1,telephone_number_2,varchar,YES,47
sat_vendor_lfa1,telefax_number,varchar,YES,48
sat_vendor_lfa1,telephone_extension_2,varchar,YES,49
sat_vendor_lfa1,telephone_number_1_2,varchar,YES,50
sat_vendor_lfa1,cross_company_po_distribution_key,varchar,YES,51
sat_vendor_lfa1,exemption_indicator,varchar,YES,52
sat_vendor_lfa1,trading_partner,"decimal(38,0)",YES,53
sat_vendor_lfa1,fiscal_year,varchar,YES,54
sat_vendor_lfa1,storage_location_2,varchar,YES,55
sat_vendor_lfa1,storage_location_3,varchar,YES,56
sat_vendor_lfa1,last_updated,"decimal(38,0)",YES,57
sat_vendor_lfa1,up_time,"decimal(38,0)",YES,58
sat_vendor_lfa1,calendar_year,varchar,YES,59
sat_vendor_lfa1,calendar_month,varchar,YES,60
sat_vendor_lfa1,day_of_week,varchar,YES,61
sat_vendor_lfa1,hash_diff,varchar,YES,62
sat_vendor_lfa1,load_dts,timestamp(3),YES,63
sat_vendor_lfa1,record_source,varchar,YES,64
sat_vendor_lfa1,end_dts,varchar,YES,65
sat_vendor_lfb1,vendor_hk,varchar,YES,1
sat_vendor_lfb1,client,"decimal(38,0)",YES,2
sat_vendor_lfb1,company_code,"decimal(38,0)",YES,3
sat_vendor_lfb1,personnel_number,"decimal(38,0)",YES,4
sat_vendor_lfb1,creation_date,"decimal(38,0)",YES,5
sat_vendor_lfb1,created_by,varchar,YES,6
sat_vendor_lfb1,locked,varchar,YES,7
sat_vendor_lfb1,low_value_month,varchar,YES,8
sat_vendor_lfb1,authorization_workflow,varchar,YES,9
sat_vendor_lfb1,account,"decimal(38,0)",YES,10
sat_vendor_lfb1,reason_for_block,varchar,YES,11
sat_vendor_lfb1,delivery_block,varchar,YES,12
sat_vendor_lfb1,secondary_cost_element,varchar,YES,13
sat_vendor_lfb1,exchange_rate_variance,varchar,YES,14
sat_vendor_lfb1,payment_status,varchar,YES,15
sat_vendor_lfb1,payment_terms,varchar,YES,16
sat_vendor_lfb1,extension_incompleteness_key,varchar,YES,17
sat_vendor_lfb1,asset_base_value,varchar,YES,18
sat_vendor_lfb1,condition_usage,varchar,YES,19
sat_vendor_lfb1,functional_area,varchar,YES,20
sat_vendor_lfb1,business_area,varchar,YES,21
sat_vendor_lfb1,line_item_reference_external,varchar,YES,22
sat_vendor_lfb1,line_item_reference_internal,varchar,YES,23
sat_vendor_lfb1,interest_date,"decimal(38,0)",YES,24
sat_vendor_lfb1,interest_rate,"decimal(38,0)",YES,25
sat_vendor_lfb1,last_update_date,"decimal(38,0)",YES,26
sat_vendor_lfb1,deletion_flag,varchar,YES,27
sat_vendor_lfb1,transaction_currency,"decimal(38,0)",YES,28
sat_vendor_lfb1,currency_type,"decimal(38,0)",YES,29
sat_vendor_lfb1,reporting_currency,varchar,YES,30
sat_vendor_lfb1,to_gru,varchar,YES,31
sat_vendor_lfb1,house_bank_account_id,varchar,YES,32
sat_vendor_lfb1,exchange_rate,varchar,YES,33
sat_vendor_lfb1,billing_indicator,varchar,YES,34
sat_vendor_lfb1,minimum_delivery_quantity,varchar,YES,35
sat_vendor_lfb1,alternative_cost_center,varchar,YES,36
sat_vendor_lfb1,grouping,varchar,YES,37
sat_vendor_lfb1,material_group,varchar,YES,38
sat_vendor_lfb1,unplanned_work,varchar,YES,39
sat_vendor_lfb1,last_updated,"decimal(38,0)",YES,40
sat_vendor_lfb1,up_time,"decimal(38,0)",YES,41
sat_vendor_lfb1,calendar_year,varchar,YES,42
sat_vendor_lfb1,calendar_month,varchar,YES,43
sat_vendor_lfb1,day_of_week,varchar,YES,44
sat_vendor_lfb1,hash_diff,varchar,YES,45
sat_vendor_lfb1,load_dts,timestamp(3),YES,46
sat_vendor_lfb1,record_source,varchar,YES,47
sat_vendor_lfb1,end_dts,varchar,YES,48
source_manifest_json,source_tables,array(varchar),YES,1
source_manifest_json,timestamp,double,YES,2
vault_model_json,hubs,"array(row(hub_name varchar, entity_name varchar, business_key_columns array(varchar), source_tables array(varchar)))",YES,1
vault_model_json,links,"array(row(link_name varchar, hub_references array(row(hub_name varchar, columns array(varchar))), source_tables array(varchar)))",YES,2
vault_model_json,satellites,"array(row(sat_name varchar, hub_name varchar, hub_key_columns array(varchar), attributes array(varchar), source_table varchar))",YES,3
,,,,
,,,,
,,,,
,,,,
table_name,column_name,data_type,,
accounts_payable_balance,year,"decimal(4,0)",,
accounts_payable_balance,month,"decimal(2,0)",,
accounts_payable_balance,ap_balance,"decimal(9,2)",,
accounts_payable_balance,invoice_count,"decimal(3,0)",,
accounts_payable_balance_d,year,"decimal(4,0)",,
accounts_payable_balance_d,month,"decimal(2,0)",,
accounts_payable_balance_d,ap_balance,"decimal(38,2)",,
accounts_payable_balance_d,invoice_count,bigint,,
accounts_payable_balance_vw,year,"decimal(4,0)",,
accounts_payable_balance_vw,month,"decimal(2,0)",,
accounts_payable_balance_vw,ap_balance,"decimal(9,2)",,
accounts_payable_balance_vw,invoice_count,"decimal(3,0)",,
cash_flow_forecast,forecast_bucket,varchar,,
cash_flow_forecast,invoice_count,"decimal(10,6)",,
cash_flow_forecast,total_amount,"decimal(10,2)",,
cash_flow_forecast,earliest_due,date,,
cash_flow_forecast,latest_due,date,,
cash_flow_forecast_vw,forecast_bucket,varchar,,
cash_flow_forecast_vw,invoice_count,"decimal(10,6)",,
cash_flow_forecast_vw,total_amount,"decimal(10,2)",,
cash_flow_forecast_vw,earliest_due,date,,
cash_flow_forecast_vw,latest_due,date,,
cash_flow_unpaid_obligations,document_number,"decimal(7,0)",,
cash_flow_unpaid_obligations,vendor_id,varchar,,
cash_flow_unpaid_obligations,invoice_amount_local,"decimal(7,2)",,
cash_flow_unpaid_obligations,due_date,date,,
cash_flow_unpaid_obligations,invoice_status,varchar,,
cash_flow_unpaid_obligations,days_until_due,"decimal(3,0)",,
cash_flow_unpaid_obligations_vw,document_number,"decimal(7,0)",,
cash_flow_unpaid_obligations_vw,vendor_id,varchar,,
cash_flow_unpaid_obligations_vw,invoice_amount_local,"decimal(7,2)",,
cash_flow_unpaid_obligations_vw,due_date,date,,
cash_flow_unpaid_obligations_vw,invoice_status,varchar,,
cash_flow_unpaid_obligations_vw,days_until_due,"decimal(3,0)",,
days_payable_outstanding,invoice_number,"decimal(7,0)",,
days_payable_outstanding,year,"decimal(4,0)",,
days_payable_outstanding,month,"decimal(2,0)",,
days_payable_outstanding,avg_trade_payables,"decimal(7,2)",,
days_payable_outstanding,cogs_amount,"decimal(15,10)",,
days_payable_outstanding,dpo,"decimal(10,8)",,
days_payable_outstanding_vw,invoice_number,"decimal(7,0)",,
days_payable_outstanding_vw,year,"decimal(4,0)",,
days_payable_outstanding_vw,month,"decimal(2,0)",,
days_payable_outstanding_vw,avg_trade_payables,"decimal(7,2)",,
days_payable_outstanding_vw,cogs_amount,"decimal(15,10)",,
days_payable_outstanding_vw,dpo,"decimal(10,8)",,
dim_company_code,company_code,"decimal(4,0)",,
dim_company_code,company_name,varchar,,
dim_company_code,city,varchar,,
dim_company_code,country_code,varchar,,
dim_company_code,currency,varchar,,
dim_company_code,postal_code,varchar,,
dim_company_code,street,varchar,,
dim_company_code,region_code,varchar,,
dim_company_code,vat_reg_number,varchar,,
dim_company_code,chart_of_accounts,varchar,,
dim_company_code,system,varchar,,
dim_company_code_vw,company_code,"decimal(4,0)",,
dim_company_code_vw,company_name,varchar,,
dim_company_code_vw,city,varchar,,
dim_company_code_vw,country_code,varchar,,
dim_company_code_vw,currency,varchar,,
dim_company_code_vw,postal_code,varchar,,
dim_company_code_vw,street,varchar,,
dim_company_code_vw,region_code,varchar,,
dim_company_code_vw,vat_reg_number,varchar,,
dim_company_code_vw,chart_of_accounts,varchar,,
dim_company_code_vw,system,varchar,,
dim_plant,plant_code,varchar,,
dim_plant,plant_name,varchar,,
dim_plant,plant_name_2,varchar,,
dim_plant,company_code,"decimal(4,0)",,
dim_plant,country_code,varchar,,
dim_plant,region_code,varchar,,
dim_plant,city,varchar,,
dim_plant,postal_code,varchar,,
dim_plant,street,varchar,,
dim_plant,system,varchar,,
dim_plant_vw,plant_code,varchar,,
dim_plant_vw,plant_name,varchar,,
dim_plant_vw,plant_name_2,varchar,,
dim_plant_vw,company_code,"decimal(4,0)",,
dim_plant_vw,country_code,varchar,,
dim_plant_vw,region_code,varchar,,
dim_plant_vw,city,varchar,,
dim_plant_vw,postal_code,varchar,,
dim_plant_vw,street,varchar,,
dim_plant_vw,system,varchar,,
dim_po,purchase_order_number,"decimal(7,0)",,
dim_po,po_item,"decimal(2,0)",,
dim_po,po_amount,"decimal(8,2)",,
dim_po,vendor_id,varchar,,
dim_po,company_code,"decimal(4,0)",,
dim_po,po_date,date,,
dim_po,po_created_date,date,,
dim_po,po_doc_type,varchar,,
dim_po,po_payment_terms,varchar,,
dim_po,purchasing_org,varchar,,
dim_po,purchasing_group,varchar,,
dim_po,po_currency,varchar,,
dim_po,po_release_status,varchar,,
dim_po,delivery_date,date,,
dim_po,quantity_delivered,"decimal(5,2)",,
dim_po,quantity_remaining,"decimal(1,0)",,
dim_po,po_due_date,date,,
dim_po_vw,purchase_order_number,"decimal(7,0)",,
dim_po_vw,po_item,"decimal(2,0)",,
dim_po_vw,po_amount,"decimal(8,2)",,
dim_po_vw,vendor_id,varchar,,
dim_po_vw,company_code,"decimal(4,0)",,
dim_po_vw,po_date,date,,
dim_po_vw,po_created_date,date,,
dim_po_vw,po_doc_type,varchar,,
dim_po_vw,po_payment_terms,varchar,,
dim_po_vw,purchasing_org,varchar,,
dim_po_vw,purchasing_group,varchar,,
dim_po_vw,po_currency,varchar,,
dim_po_vw,po_release_status,varchar,,
dim_po_vw,delivery_date,date,,
dim_po_vw,quantity_delivered,"decimal(5,2)",,
dim_po_vw,quantity_remaining,"decimal(1,0)",,
dim_po_vw,po_due_date,date,,
dim_region,country_code,varchar,,
dim_region,region_code,varchar,,
dim_region,region_name,varchar,,
dim_region_vw,country_code,varchar,,
dim_region_vw,region_code,varchar,,
dim_region_vw,region_name,varchar,,
dim_vendor,vendor_id,varchar,,
dim_vendor,vendor_name,varchar,,
dim_vendor,vendor_name_2,varchar,,
dim_vendor,country_code,varchar,,
dim_vendor,city,varchar,,
dim_vendor,postal_code,varchar,,
dim_vendor,street,varchar,,
dim_vendor,region_code,varchar,,
dim_vendor,tax_number_1,varchar,,
dim_vendor,tax_number_2,varchar,,
dim_vendor,industry_sector,varchar,,
dim_vendor,vendor_account_group,varchar,,
dim_vendor,deletion_flag,varchar,,
dim_vendor,posting_block,varchar,,
dim_vendor,system,varchar,,
dim_vendor_vw,vendor_id,varchar,,
dim_vendor_vw,vendor_name,varchar,,
dim_vendor_vw,vendor_name_2,varchar,,
dim_vendor_vw,country_code,varchar,,
dim_vendor_vw,city,varchar,,
dim_vendor_vw,postal_code,varchar,,
dim_vendor_vw,street,varchar,,
dim_vendor_vw,region_code,varchar,,
dim_vendor_vw,tax_number_1,varchar,,
dim_vendor_vw,tax_number_2,varchar,,
dim_vendor_vw,industry_sector,varchar,,
dim_vendor_vw,vendor_account_group,varchar,,
dim_vendor_vw,deletion_flag,varchar,,
dim_vendor_vw,posting_block,varchar,,
dim_vendor_vw,system,varchar,,
duplicate_payments_for_invoice,invoice_number,"decimal(7,0)",,
duplicate_payments_for_invoice,year,"decimal(4,0)",,
duplicate_payments_for_invoice,month,"decimal(2,0)",,
duplicate_payments_for_invoice,duplicate_payment_amount,"decimal(7,2)",,
duplicate_payments_for_invoice,total_payments,"decimal(7,2)",,
duplicate_payments_for_invoice,duplicate_payment_rate,"decimal(11,8)",,
duplicate_payments_for_invoice_vw,invoice_number,"decimal(7,0)",,
duplicate_payments_for_invoice_vw,year,"decimal(4,0)",,
duplicate_payments_for_invoice_vw,month,"decimal(2,0)",,
duplicate_payments_for_invoice_vw,duplicate_payment_amount,"decimal(7,2)",,
duplicate_payments_for_invoice_vw,total_payments,"decimal(7,2)",,
duplicate_payments_for_invoice_vw,duplicate_payment_rate,"decimal(11,8)",,
early_payment_candidates,document_number,"decimal(7,0)",,
early_payment_candidates,vendor_id,varchar,,
early_payment_candidates,vendor_name,varchar,,
early_payment_candidates,invoice_amount_local,"decimal(7,2)",,
early_payment_candidates,due_date,date,,
early_payment_candidates,days_until_due,"decimal(2,0)",,
early_payment_candidates,savings_if_2pct_discount,"decimal(7,4)",,
early_payment_candidates,vendor_tier,varchar,,
early_payment_candidates,early_pay_priority,varchar,,
early_payment_candidates_vw,document_number,"decimal(7,0)",,
early_payment_candidates_vw,vendor_id,varchar,,
early_payment_candidates_vw,vendor_name,varchar,,
early_payment_candidates_vw,invoice_amount_local,"decimal(7,2)",,
early_payment_candidates_vw,due_date,date,,
early_payment_candidates_vw,days_until_due,"decimal(2,0)",,
early_payment_candidates_vw,savings_if_2pct_discount,"decimal(7,4)",,
early_payment_candidates_vw,vendor_tier,varchar,,
early_payment_candidates_vw,early_pay_priority,varchar,,
fact_all_sources_vw,document_number,"decimal(7,0)",,
fact_all_sources_vw,invoice_number,"decimal(7,0)",,
fact_all_sources_vw,company_code,"decimal(4,0)",,
fact_all_sources_vw,plant_code,varchar,,
fact_all_sources_vw,fiscal_year,"decimal(4,0)",,
fact_all_sources_vw,posting_date,date,,
fact_all_sources_vw,document_date,date,,
fact_all_sources_vw,vendor_id,varchar,,
fact_all_sources_vw,currency,varchar,,
fact_all_sources_vw,invoice_amount_local,"decimal(7,2)",,
fact_all_sources_vw,invoice_amount_document,"decimal(7,2)",,
fact_all_sources_vw,gl_account,"decimal(6,0)",,
fact_all_sources_vw,baseline_date,date,,
fact_all_sources_vw,payment_terms,varchar,,
fact_all_sources_vw,invoice_status,varchar,,
fact_all_sources_vw,status_notes,varchar,,
fact_all_sources_vw,payment_date,date,,
fact_all_sources_vw,clearing_document,"decimal(7,0)",,
fact_all_sources_vw,aging_days,"decimal(3,0)",,
fact_all_sources_vw,purchase_order_reference,"decimal(7,0)",,
fact_all_sources_vw,po_amount,"decimal(8,2)",,
fact_all_sources_vw,po_purpose,varchar,,
fact_all_sources_vw,document_type,varchar,,
fact_all_sources_vw,accrual_indicator,varchar,,
fact_all_sources_vw,due_date,date,,
fact_all_sources_vw,invoice_receipt_date,date,,
fact_all_sources_vw,discount_percent,"decimal(4,3)",,
fact_all_sources_vw,discount_days,"decimal(2,0)",,
fact_all_sources_vw,net_due_days,"decimal(2,0)",,
fact_all_sources_vw,region,varchar,,
fact_all_sources_vw,system,varchar,,
fact_sap_po_level,posting_year,"decimal(4,0)",,
fact_sap_po_level,posting_month,"decimal(2,0)",,
fact_sap_po_level,delivery_date,date,,
fact_sap_po_level,po_date,date,,
fact_sap_po_level,received_qty,"decimal(6,3)",,
fact_sap_po_level,ordered_qty,"decimal(5,2)",,
fact_sap_po_level,po_amount,"decimal(8,2)",,
fact_sap_po_level_vw,posting_year,"decimal(4,0)",,
fact_sap_po_level_vw,posting_month,"decimal(2,0)",,
fact_sap_po_level_vw,delivery_date,date,,
fact_sap_po_level_vw,po_date,date,,
fact_sap_po_level_vw,received_qty,"decimal(6,3)",,
fact_sap_po_level_vw,ordered_qty,"decimal(5,2)",,
fact_sap_po_level_vw,po_amount,"decimal(8,2)",,
full_payment_rate,year,"decimal(4,0)",,
full_payment_rate,month,"decimal(2,0)",,
full_payment_rate,full_paid_invoices,"decimal(1,0)",,
full_payment_rate,total_cleared_invoices,"decimal(3,0)",,
full_payment_rate,full_payment_rate_pct,"decimal(7,6)",,
full_payment_rate_vw,year,"decimal(4,0)",,
full_payment_rate_vw,month,"decimal(2,0)",,
full_payment_rate_vw,full_paid_invoices,"decimal(1,0)",,
full_payment_rate_vw,total_cleared_invoices,"decimal(3,0)",,
full_payment_rate_vw,full_payment_rate_pct,"decimal(7,6)",,
genie_question_history,normalized_query,varchar,,
genie_question_history,type,varchar,,
genie_question_history,user,varchar,,
genie_question_history,frequency,"decimal(2,0)",,
genie_question_history,last_asked_at,timestamp(3),,
gr_ir_aging,year,"decimal(4,0)",,
gr_ir_aging,month,"decimal(2,0)",,
gr_ir_aging,age_days,"decimal(2,0)",,
gr_ir_aging,total_grir_balance,"decimal(9,2)",,
gr_ir_aging,grir_over_30,"decimal(9,2)",,
gr_ir_aging,grir_over_60,"decimal(9,2)",,
gr_ir_aging,grir_over_90,"decimal(9,2)",,
gr_ir_aging,pct_grir_over_30,"decimal(8,8)",,
gr_ir_aging,pct_grir_over_60,"decimal(8,8)",,
gr_ir_aging,pct_grir_over_90,"decimal(8,8)",,
gr_ir_aging,cnt_grir_over_30,"decimal(3,0)",,
gr_ir_aging,cnt_grir_over_60,"decimal(3,0)",,
gr_ir_aging,cnt_grir_over_90,"decimal(3,0)",,
gr_ir_aging_vw,year,"decimal(4,0)",,
gr_ir_aging_vw,month,"decimal(2,0)",,
gr_ir_aging_vw,age_days,"decimal(2,0)",,
gr_ir_aging_vw,total_grir_balance,"decimal(9,2)",,
gr_ir_aging_vw,grir_over_30,"decimal(9,2)",,
gr_ir_aging_vw,grir_over_60,"decimal(9,2)",,
gr_ir_aging_vw,grir_over_90,"decimal(9,2)",,
gr_ir_aging_vw,pct_grir_over_30,"decimal(8,8)",,
gr_ir_aging_vw,pct_grir_over_60,"decimal(8,8)",,
gr_ir_aging_vw,pct_grir_over_90,"decimal(8,8)",,
gr_ir_aging_vw,cnt_grir_over_30,"decimal(3,0)",,
gr_ir_aging_vw,cnt_grir_over_60,"decimal(3,0)",,
gr_ir_aging_vw,cnt_grir_over_90,"decimal(3,0)",,
gr_ir_outstanding_balance,year,"decimal(4,0)",,
gr_ir_outstanding_balance,month,"decimal(2,0)",,
gr_ir_outstanding_balance,invoice_count,"decimal(3,0)",,
gr_ir_outstanding_balance,total_grir_blnc,"decimal(9,2)",,
gr_ir_outstanding_balance_vw,year,"decimal(4,0)",,
gr_ir_outstanding_balance_vw,month,"decimal(2,0)",,
gr_ir_outstanding_balance_vw,invoice_count,"decimal(3,0)",,
gr_ir_outstanding_balance_vw,total_grir_blnc,"decimal(9,2)",,
invoice_status_history,invoice_number,"decimal(7,0)",,
invoice_status_history,company_code,"decimal(4,0)",,
invoice_status_history,plant_code,varchar,,
invoice_status_history,fiscal_year,"decimal(4,0)",,
invoice_status_history,status,varchar,,
invoice_status_history,effective_date,date,,
invoice_status_history,sequence_nbr,"decimal(1,0)",,
invoice_status_history,status_notes,varchar,,
invoice_status_history,posting_date,date,,
invoice_status_history,document_date,date,,
invoice_status_history,vendor_id,varchar,,
invoice_status_history,currency,varchar,,
invoice_status_history,invoice_amount_local,"decimal(7,2)",,
invoice_status_history,payment_terms,varchar,,
invoice_status_history,document_type,varchar,,
invoice_status_history,accrual_indicator,varchar,,
invoice_status_history,due_date,date,,
invoice_status_history,invoice_receipt_date,date,,
invoice_status_history,gl_account,"decimal(6,0)",,
invoice_status_history,baseline_date,date,,
invoice_status_history,payment_date,date,,
invoice_status_history,clearing_document,"decimal(7,0)",,
invoice_status_history,aging_days,"decimal(3,0)",,
invoice_status_history,purchase_order_reference,"decimal(7,0)",,
invoice_status_history,po_amount,"decimal(8,2)",,
invoice_status_history,po_purpose,varchar,,
invoice_status_history,discount_percent,"decimal(4,3)",,
invoice_status_history,discount_days,"decimal(2,0)",,
invoice_status_history,net_due_days,"decimal(2,0)",,
invoice_status_history,region,varchar,,
invoice_status_history,system,varchar,,
invoice_status_history_vw,invoice_number,"decimal(7,0)",,
invoice_status_history_vw,company_code,"decimal(4,0)",,
invoice_status_history_vw,plant_code,varchar,,
invoice_status_history_vw,fiscal_year,"decimal(4,0)",,
invoice_status_history_vw,status,varchar,,
invoice_status_history_vw,effective_date,date,,
invoice_status_history_vw,sequence_nbr,"decimal(1,0)",,
invoice_status_history_vw,status_notes,varchar,,
invoice_status_history_vw,posting_date,date,,
invoice_status_history_vw,document_date,date,,
invoice_status_history_vw,vendor_id,varchar,,
invoice_status_history_vw,currency,varchar,,
invoice_status_history_vw,invoice_amount_local,"decimal(7,2)",,
invoice_status_history_vw,payment_terms,varchar,,
invoice_status_history_vw,document_type,varchar,,
invoice_status_history_vw,accrual_indicator,varchar,,
invoice_status_history_vw,due_date,date,,
invoice_status_history_vw,invoice_receipt_date,date,,
invoice_status_history_vw,gl_account,"decimal(6,0)",,
invoice_status_history_vw,baseline_date,date,,
invoice_status_history_vw,payment_date,date,,
invoice_status_history_vw,clearing_document,"decimal(7,0)",,
invoice_status_history_vw,aging_days,"decimal(3,0)",,
invoice_status_history_vw,purchase_order_reference,"decimal(7,0)",,
invoice_status_history_vw,po_amount,"decimal(8,2)",,
invoice_status_history_vw,po_purpose,varchar,,
invoice_status_history_vw,discount_percent,"decimal(4,3)",,
invoice_status_history_vw,discount_days,"decimal(2,0)",,
invoice_status_history_vw,net_due_days,"decimal(2,0)",,
invoice_status_history_vw,region,varchar,,
invoice_status_history_vw,system,varchar,,
late_accruals,year,"decimal(4,0)",,
late_accruals,month,"decimal(2,0)",,
late_accruals,late_accrual_amount,"decimal(9,2)",,
late_accruals,late_accrual_count,"decimal(3,0)",,
late_accruals,total_accrual_amount,"decimal(9,2)",,
late_accruals,late_accrual_rate_pct,"decimal(10,8)",,
late_accruals_vw,year,"decimal(4,0)",,
late_accruals_vw,month,"decimal(2,0)",,
late_accruals_vw,late_accrual_amount,"decimal(9,2)",,
late_accruals_vw,late_accrual_count,"decimal(3,0)",,
late_accruals_vw,total_accrual_amount,"decimal(9,2)",,
late_accruals_vw,late_accrual_rate_pct,"decimal(10,8)",,
late_payment_amount,year,"decimal(4,0)",,
late_payment_amount,month,"decimal(2,0)",,
late_payment_amount,late_payment_amount,"decimal(9,2)",,
late_payment_amount,late_payment_count,"decimal(3,0)",,
late_payment_amount,total_payment_amount,"decimal(9,2)",,
late_payment_amount,late_payment_rate_pct,"decimal(11,8)",,
late_payment_amount_vw,year,"decimal(4,0)",,
late_payment_amount_vw,month,"decimal(2,0)",,
late_payment_amount_vw,late_payment_amount,"decimal(9,2)",,
late_payment_amount_vw,late_payment_count,"decimal(3,0)",,
late_payment_amount_vw,total_payment_amount,"decimal(9,2)",,
late_payment_amount_vw,late_payment_rate_pct,"decimal(11,8)",,
net_early_payment_benefit_index,total_net_benefit,"decimal(17,11)",,
net_early_payment_benefit_index,total_spend,"decimal(11,2)",,
net_early_payment_benefit_index,nepbi_percent,"decimal(12,12)",,
net_early_payment_benefit_index_vw,total_net_benefit,"decimal(17,11)",,
net_early_payment_benefit_index_vw,total_spend,"decimal(11,2)",,
net_early_payment_benefit_index_vw,nepbi_percent,"decimal(12,12)",,
on_time_payment_rate,year,"decimal(4,0)",,
on_time_payment_rate,month,"decimal(2,0)",,
on_time_payment_rate,on_time_payments,"decimal(2,0)",,
on_time_payment_rate,total_payments,"decimal(3,0)",,
on_time_payment_rate,on_time_payment_rate_pct,"decimal(8,6)",,
on_time_payment_rate_vw,year,"decimal(4,0)",,
on_time_payment_rate_vw,month,"decimal(2,0)",,
on_time_payment_rate_vw,on_time_payments,"decimal(2,0)",,
on_time_payment_rate_vw,total_payments,"decimal(3,0)",,
on_time_payment_rate_vw,on_time_payment_rate_pct,"decimal(8,6)",,
partial_payment_rate,year,"decimal(4,0)",,
partial_payment_rate,month,"decimal(2,0)",,
partial_payment_rate,partial_paid_invoices,"decimal(3,0)",,
partial_payment_rate,total_paid_invoices,"decimal(3,0)",,
partial_payment_rate,partial_payment_rate_pct,"decimal(8,6)",,
partial_payment_rate_vw,year,"decimal(4,0)",,
partial_payment_rate_vw,month,"decimal(2,0)",,
partial_payment_rate_vw,partial_paid_invoices,"decimal(3,0)",,
partial_payment_rate_vw,total_paid_invoices,"decimal(3,0)",,
partial_payment_rate_vw,partial_payment_rate_pct,"decimal(8,6)",,
payment_predictability_index,posting_year,"decimal(4,0)",,
payment_predictability_index,posting_month,"decimal(2,0)",,
payment_predictability_index,payment_predictability_index,double,,
payment_predictability_index,interpretation,varchar,,
payment_predictability_index_vw,posting_year,"decimal(4,0)",,
payment_predictability_index_vw,posting_month,"decimal(2,0)",,
payment_predictability_index_vw,payment_predictability_index,double,,
payment_predictability_index_vw,interpretation,varchar,,
payment_processing_cycle_time,year,"decimal(4,0)",,
payment_processing_cycle_time,month,"decimal(2,0)",,
payment_processing_cycle_time,avg_payment_cycle_time_days,"decimal(9,6)",,
payment_processing_cycle_time,min_cycle_time_days,"decimal(3,0)",,
payment_processing_cycle_time,max_cycle_time_days,"decimal(3,0)",,
payment_processing_cycle_time,cleared_invoices,"decimal(3,0)",,
payment_processing_cycle_time_vw,year,"decimal(4,0)",,
payment_processing_cycle_time_vw,month,"decimal(2,0)",,
payment_processing_cycle_time_vw,avg_payment_cycle_time_days,"decimal(9,6)",,
payment_processing_cycle_time_vw,min_cycle_time_days,"decimal(3,0)",,
payment_processing_cycle_time_vw,max_cycle_time_days,"decimal(3,0)",,
payment_processing_cycle_time_vw,cleared_invoices,"decimal(3,0)",,
payment_timing_recommendation,recommendation,varchar,,
payment_timing_recommendation,amount,"decimal(10,2)",,
payment_timing_recommendation,invoice_count,"decimal(4,0)",,
payment_timing_recommendation,rationale,varchar,,
payment_timing_recommendation_vw,recommendation,varchar,,
payment_timing_recommendation_vw,amount,"decimal(10,2)",,
payment_timing_recommendation_vw,invoice_count,"decimal(4,0)",,
payment_timing_recommendation_vw,rationale,varchar,,
saved_insights,insight_id,bigint,,
saved_insights,created_at,varchar,,
saved_insights,created_by,varchar,,
saved_insights,page,varchar,,
saved_insights,title,varchar,,
saved_insights,question,varchar,,
saved_insights,verified_query_name,varchar,,
saved_insights,sql_text,double,,
saved_insights,tags,double,,
supplier_delivery_accuracy_index,year,"decimal(4,0)",,
supplier_delivery_accuracy_index,month,"decimal(2,0)",,
supplier_delivery_accuracy_index,on_time_deliveries,"decimal(3,0)",,
supplier_delivery_accuracy_index,total_deliveries,"decimal(3,0)",,
supplier_delivery_accuracy_index,delivery_accuracy_pct,"decimal(8,6)",,
supplier_delivery_accuracy_index_vw,year,"decimal(4,0)",,
supplier_delivery_accuracy_index_vw,month,"decimal(2,0)",,
supplier_delivery_accuracy_index_vw,on_time_deliveries,"decimal(3,0)",,
supplier_delivery_accuracy_index_vw,total_deliveries,"decimal(3,0)",,
supplier_delivery_accuracy_index_vw,delivery_accuracy_pct,"decimal(8,6)",,
temp_table_17fae8f7928742b2a3e5fd08e59465e6,total_cleared,bigint,,
temp_table_17fae8f7928742b2a3e5fd08e59465e6,auto_processed,bigint,,
temp_table_36d6c7d20d594bf4bd5a2d5f1f9c5b81,vendor_name,varchar,,
temp_table_417f39f5a3c7490da104f2abfa60a331,vendor_name,varchar,,
temp_table_4bd04181b2a1444c85919c3e10bca5dd,status,varchar(8),,
temp_table_4bd04181b2a1444c85919c3e10bca5dd,cnt,bigint,,
temp_table_928fa55187d245909c7b16210bfac65d,vendor_name,varchar,,
temp_table_96e1dc5cdf124229a980b3e15fa30d99,status,varchar(8),,
temp_table_96e1dc5cdf124229a980b3e15fa30d99,cnt,bigint,,
temp_table_b7889fd8886a47feb04a0c477c401cc6,overdue_count,bigint,,
temp_table_b7889fd8886a47feb04a0c477c401cc6,disputed_count,bigint,,
temp_table_b7889fd8886a47feb04a0c477c401cc6,due_count,bigint,,
weighted_days_payable_outstanding,year,"decimal(4,0)",,
weighted_days_payable_outstanding,month,"decimal(2,0)",,
weighted_days_payable_outstanding,total_payables,"decimal(9,2)",,
weighted_days_payable_outstanding,total_cogs,"decimal(10,3)",,
weighted_days_payable_outstanding,weighted_dpo,"decimal(10,8)",,
weighted_days_payable_outstanding_vw,year,"decimal(4,0)",,
weighted_days_payable_outstanding_vw,month,"decimal(2,0)",,
weighted_days_payable_outstanding_vw,total_payables,"decimal(9,2)",,
weighted_days_payable_outstanding_vw,total_cogs,"decimal(10,3)",,
weighted_days_payable_outstanding_vw,weighted_dpo,"decimal(10,8)",,
